,Food Item ID,"Country, region",Foodname in own language,Foodname in English,Processing,Scientific name,Season,Other,n,Comments on data processing/methods,Publication year,Biblioid ,Compiler ID,Latest Revision in Version,DEN,EDIBLE,ENERC(kJ) (original),ENERC(kcal) (original),ENERA(kJ),ENERA(kcal),WATER(g),DM(g),XN,NT(g),NNP(mg),PROTPL(g),PROTAN(g),PROTCNT(g),PROTCNP(g),PROT-(g),FAT(g),FATCE(g),FAT-(g),FASAT(g),FAMS(g),FAPU(g),FAUN(g),FATRN(g),CHOAVLDF(g),CHOAVL(g),CHOCDF(g),CHOAVLM(g),CHO-(g),AMYS(g),SUGAR(g),SUGARM(g),SUGRD(g),SUGNRD(g),SUGAR-(g),STARCH(g),STARCHM(g),STARCH-(g),STARES(g),FIBTG(g),FIBTS(g) Southgate,NSP(g),FIBC(g),FIB-(g),FIBINS(g),FIBSOL(g),FIBND(g),FIBAD(g),LIGN(g),ALC(g),ASH(g),BRD(mcg),CA(mg),CO(mcg),CU(mg),FE(mg),K(mg),MN(mg),MG(mg),NA(mg),P(mg),SE(mcg),ZN(mg),AL(mcg),AS(mcg),B(mcg),CD(mcg),CLD(mg),CR(mcg),HG(mcg),ID(mcg),LI(mcg),NI(mcg),PB(mcg),RB(mg),S(mg),SB(mcg),V(mcg),VITA_RAE(mcg),VITA(mcg),RETOL(mcg),CARTBEQ(mcg),CARTA(mcg),CARTB(mcg),CRYPX(mcg),CRYPXB(mcg),CARTG(mcg),LYCPN(mcg),NEUROSP(mcg),PHYTOENE(mcg),PHYTOFLUENCE(mcg),LUTN(mcg),LUTNZEA(mcg),CARTOID(mcg),VITD(mcg),VITDEQ(mcg),ERGCAL(mcg),CHOCAL(mcg),CHOCALOH(mcg),VITD-(mcg),VITEA(IU),VITE(mg),VITE-(mg),TOCPHA(mg),TOCPHB(mg),TOCPHG(mg),TOCPHD(mg),TOCPHT(mg),VITK(mcg),THIA(mg),RIBF(mg),NIAEQ(mg),NIA(mg),NIATRP(mg),NIA-(mg),PANTAC(mg),VITB6A(mg),VITB6C(mg),VITB6-(mg),FOLSUM(mcg),FOL(mcg),FOLAC(mcg),FOLFD(mcg),DFE(mcg),FOLFRE(mcg),BIOT(mcg),VITB12(mcg),ASCL(mg),VITC(mg),FRUS(g),GLUS(g),XYLS(g),MALS(g),GALS(g),SUCS(g),RAFS(g),RAFSM(g),RIBS(g),STASM(g),CELLU(g),XFA (internal use),FACID(g),F12D0(g),F13D0(g),F14D0(g),F15D0(g),F16D0(g),F17D0(g),F18D0(g),F20D0(g),F21D0(g),F22D0(g),F24D0(g),F16D1(g),F18D1(g),F20D1(g),F22D1(g),F24D1(g),F16D2(g),F18D2(g),F20D2(g),F22D2(g),F18D3(g),F20D4(g),WAX(g),FAFRE(g),MGLY(g),DGLY(g),TGLY(g),PHOAC(g),PHOSER(g),PHOETHN(g),PHOINOTL(g),CHLNP(g),ALA(mg),ARG(mg),ASN(mg),ASP(mg),CYS(mg),GLN(mg),GLU(mg),GLY(mg),HIS(mg),ILE(mg),LEU(mg),LYS(mg),MET(mg),PHE(mg),PRO(mg),SER(mg),THR(mg),TRP(mg),TYR(mg),VAL(mg),PHE_A_TYR(mg),AAE-(mg),AAA(mg),AMMON(mg),BENAC(mg),PHYTCPPI(mg),PHYTCPPD(mg),PHYTCPP(mg),PHYTC-(mg),PPI(mg),PPD(mg),PP-(mg),XP,IP3(mg),IP4(mg),IP5(mg),IP6(mg),IP5_A_IP6 (mg),IP4_A_IP5_A_IP6(mg),IPSUM (mg),PHYT-,CAFFAC(mg),FERAC(mg),FLAVD(mcg),FLAVO(mg),MYRIC(mcg),KAEMF(mcg),PCHOUAC(mg),QUERCE(mcg),VANAC(mg),SAPON(mg),SI(mcg),GABA(mg),TAN(mg),OXALAC(mg),CYAN(mcg)
0,,sampling place,,,"r: raw, d: dried, p: processed",,sampling season,additional information on factors influencing the nutrient composition,number of independent analytical samples,,,,,,Density,Edible portion coefficient,"energy, total metabolizable; calculated from the energy-producing food components (original as from source)",Energy (original as from source),"Energy, gross","Energy, gross",Water,Dry matter,Conversion factor to calculate total protein from nitrogen ,"Nitrogen, total",Non-protein nitrogen,Protein from plant origin,Protein from animal origin,"Protein, total; calculated from total nitrogen ","Protein, total; calculated from protein nitrogen ","Protein, total; method of determination unknown or variable","fat, total","Fat, total; derived by analysis using continuous extraction",Fat; method of determination unknown or mixed methods,"fatty acids, total saturated","Fatty acids, total monounsaturated","fatty acids, total polyunsaturated","Other fatty acids, not specifiied","Fatty acids, total trans","Carbohydrate, available; calculated by difference","Carbohydrate, available by weight","Carbohydrate, total; calculated by difference","Carbohydrate, available; expressed in monosaccharide equivalents",carbohydrate; method of determination unknown or variable,Amylose,Sugar,"Sugars, total; expressed in monosaccharide equivalents","Sugar, reducing","Sugar, non-reducing","sugars, total; expression unknown","starch, available","Starch, available; expressed in monosaccharide equivalents","starch, available; expression unknown",Resistent starch,"fibre, total dietary; determined gravimetrically by the AOAC total dietary fibre method (Prosky and similar methods)","Fibre, total dietary; Southgate colorimetric procedure","Polysaccharides, non-starch (Englyst method)","Fibre, crude",Fibre; method of determination unknown or variable,"fibre, water-insoluble","fibre, water-soluble",Fibre; determined by neutral detergent method,Fibre; determined by acid detergent method,Lignin,Alcohol,Ash,Bromide,Calcium,cobalt,Copper,"Iron, total",Potassium,Manganese,Magnesium,Sodium,Phosphorus,Selenium,Zink,Aluminium,Arsenic,Boron,Cadmium,Chloride,Chromium,Mercury,Iodine,Lithium,Nickel,lead,Rubidium,Sulphur,Antimony,Vanadium,vitamin A retinol activity equivalent (RAE); calculated by summation of the vitamin A activities of retinol and the active carotenoids,Vitamin A; calculated by summation of the vitamin A activities of retinol and the active carotenoids,Retinol,Beta-carotene equivalents,Alpha-carotene,Beta-carotene,"Cryptoxanthin, total","Beta-cryptoxanthin, total",Gamma-carotene,Lycopene,Neurosporene,Phytoene,Phytofluene,Lutein,Lutein+Zeaxanthin,"Carotenoids, total",Vitamin D (D2+D3);,Vitamin D equivalent,Ergocalciferol (D2),Cholecalciferol (D3),25-hydroxycholecalciferol,"Vitamin D, method unknown or variable",Vit E determined by bioassay,vitamin E; calculated by summation of the vitamin E activities of the active tocopherols and tocotrienols; expressed as alpha-tocopherol equivalents,Vitamin E; method unknown or variable; expressed as alpha-tocopherol equivalents,Alpha-tocopherol,Beta-tocopherol,Gamma-tocopherol,Delta-tocopherol,"Tocopherol, total","Vitamin K, total",Thiamin,Riboflavin,"Niacin equivalents, total","Niacin, preformed",Niacin equivalents from tryptophan,Niacin; method or form unknown,Pantothenic acid,"Vitamin B-6, total; determined by analysis","Vitamin B-6, total; calculated by summation","Vitamin B6, method unknown or variable",Sum of folate vitamers determined by HPLC,"Folate, total; microbiological assay",Folic acid,"Folate food, naturally occuring food folates","Folate, dietary folate equivalent ","Folate, free",Biotin ,Vitamin B-12,L-ascorbic acid,Vitamin C,Fructose,Glucose,Xylose,Maltose,Galactose,Sucrose,Raffinose,raffinose; expressed as monosaccharide equivalents,Ribose,stachyose; expressed as monosaccharide equivalents,Cellulose,fatty acid conversion factor for internal use,total fatt acid,Fatty acid 12:0,Fatty acid 13:0,Fatty acid 14:0,Fatty acid 15:0,Fatty acid 16:0,Fatty acid 17:0,Fatty acid 18:0,Fatty acid 20:0,Fatty acid 21:0,Fatty acid 22:0,Fatty acid 24:0,Fatty acid 16:1,Fatty acid 18:1,Fatty acid 20:1,Fatty acid 22:1,Fatty acid 24:1,Fatty acid 16:2,Fatty acid 18:2,Fatty acid 20:2,Fatty acid 22:2,Fatty acid 18:3,fatty acid 20:4,"Wax, total","Free fatty acids, total","Monoglycerides, total","Diglycerides, total","Triglycerides, total",Phosphatidic acid,Phosphatidylserine,Phosphatidylethanolamine,Phosphatidylinositol,Phosphatidyl choline,Alanine,Arginine,Asparagine,aspartic acid,Cystine,glutamine,Glutamic acid,Glycine,Histidine,Isoleucin,Leucine,Lysine,Methionine,Phenylalanine,Proline,Serine,Threonine,Tryptophan,Tyrosine,Valine,phenylalanine + tyrosine,"Amino acids, total essential; unknown ","Amino acids, aromatic",ammonia,benzoic acid,"phytic acid, determined by indirect preciptation","phytic acid, determined by direct preciptation","phytic acid, calc. from phytate phosphorus, anion exchange method","phytic acid, calc. from phytate phosphorus, method unk.","phytate phosphorus, determined by indirect preciptation","phytate phosphorus, determined by direct preciptation","phytate phosphorus, method unk.",convertion factor for phytate phosphorus,inositol triphosphate,inositol tetraphosphate,inositol pentaphosphate,inositol hexaphosphate,inositol penta+hexaphosphate,inositol tetra+penta+hexaphosphate,total inositol phosphates (sum of all fractions),"phytic acid, unk. or variable",caffeic acid,ferulic acid,"flavonoids, total ","flavonols, total",myricetin,kaempferol,p-coumaric acid,quercetin,vanillic acid,saponins,Silicon,Gamma-aminobutyric acid,Total tannins,Oxalic acid,Cyanide
1,,,,,,,,,,,,,,,01,01,01,01,01,01,01,01,01,01,01,01,01,01,01,01,01,01,01,,01,01,01,01,01,01,01,01,01,01,01,01,01,01,01,01,01,01,01,01,01,01,01,01,01,01,01,01,01,01,01,01,01,01,01,01,01,01,01,01,01,01,01,01,01,01,01,01,01,01,01,01,01,01,01,01,01,01,01,01,01,01,01,01,01,01,01,01,01,01,01,01,01,01,01,01,01,01,01,01,01,01,01,01,01,01,01,01,01,01,01,01,01,01,01,01,01,01,01,01,01,01,01,01,01,01,01,01,,01,01,01,01,01,01,01,01,01,01,01,01,01,01,01,01,01,01,01,01,01,01,01,01,01,01,01,01,01,01,01,01,01,01,01,01,01,01,01,01,01,01,01,01,01,01,01,01,01,01,01,01,01,01,01,01,01,01,01,01,01,01,01,01,01,01,01,01,01,01,,,,,,,,,,,,,,,,,01,01,01,01,01,01,01,01,01,01,01,01,01,01,01
2,100104.0,"Malawi, Zomba district",,"Maize green, boiled",p,Zea mays,"February/March, 1987",,,data are expresesd in edile portion ,1989.0,tu3,MS,1.1,,,,,,,68,,,,,,,,,,,,,,,,,,,,,,,,,,,,,,,,,,,,,,,,,,,,,,Tr,,0.1,,141,0.13,49,3,106,,0.8,,,,,,,,,,,,,,,,,,,,,,,,,,,,,,,,,,,,,,,,,,,,,,,,,,,,,,,,,,,,,,,,,,,,,,,,,,,,,,,,,,,,,,,,,,,,,,,,,,,,,,,,,,,,,,,,,,,,,,,,,,,,,,,,,,,,,,,,,,,,,,,,,,,,,,,,,,,,,,,,,,,,,,,
3,100105.0,"Malawi, Zomba district",,"Maize, flour, 65% extraction, boiled",p,,"February/March, 1987",,,data are expresesd in edile portion ,1989.0,tu3,MS,1.1,,,,,,,10,,,,,,,,,,,,,,,,,,,,,,,,,,,,,,,,,,,,,,,,,,,,,,3,,0.1,,99,0.14,21,Tr,102,,0.8,,,,,,,,,,,,,,,,,,,,,,,,,,,,,,,,,,,,,,,,,,,,,,,,,,,,,,,,,,,,,,,,,,,,,,,,,,,,,,,,,,,,,,,,,,,,,,,,,,,,,,,,,,,,,,,,,,,,,,,,,,,,,,,,,,,,,,,,,,,,,,,,,,,,,,,,,,,,,,,,,,,,,,,
4,100106.0,"Malawi, Zomba district",,"Maize, flour, 95% extraction, boiled",p,,"February/March, 1987",,,data are expresesd in edile portion ,1989.0,tu3,MS,1.1,,,,,,,10,,,,,,,,,,,,,,,,,,,,,,,,,,,,,,,,,,,,,,,,,,,,,,Tr,,0.2,,378,0.32,152,Tr,402,,2.2,,,,,,,,,,,,,,,,,,,,,,,,,,,,,,,,,,,,,,,,,,,,,,,,,,,,,,,,,,,,,,,,,,,,,,,,,,,,,,,,,,,,,,,,,,,,,,,,,,,,,,,,,,,,,,,,,,,,,,,,,,,,,,,,,,,,,,,,,,,,,,,,,,,,,,,,,,,,,,,,,,,,,,,
5,100107.0,"Malawi, Zomba district",,"Maize, bran",r,,"February/March, 1987",,,data are expresesd in edile portion ,1989.0,tu3,MS,1.1,,,,,,,10,,,,,,,,,,,,,,,,,,,,,,,,,,,,,,,,,,,,,,,,,,,,,,9,,0.3,,531,0.61,186,18,508,,3.7,,,,,,,,,,,,,,,,,,,,,,,,,,,,,,,,,,,,,,,,,,,,,,,,,,,,,,,,,,,,,,,,,,,,,,,,,,,,,,,,,,,,,,,,,,,,,,,,,,,,,,,,,,,,,,,,,,,,,,,,,,,,,,,,,,,,,,,,,,,,,,,,,,,,,,,,,,,,,,,,,,,,,,,
6,100108.0,"Malawi, Zomba district",,"Sorghum flour, boiled",p,Sorghum bicolor,"February/March, 1987",,,data are expresesd in edile portion ,1989.0,tu3,MS,1.1,,,,,,,9,,,,,,,,,,,,,,,,,,,,,,,,,,,,,,,,,,,,,,,,,,,,,,7,,,,,0.78,,,224,,1.2,,,,,,,,,,,,,,,,,,,,,,,,,,,,,,,,,,,,,,,,,,,,,,,,,,,,,,,,,,,,,,,,,,,,,,,,,,,,,,,,,,,,,,,,,,,,,,,,,,,,,,,,,,,,,,,,,,,,,,,,,,,,,,,,,,,,,,,,,,,,,,,,,,,,,,,,,,,,,,,,,,,,,,,
7,100109.0,"Malawi, Zomba district",,"Rice, raw",r,Oryza sativa,"February/March, 1987",,,data are expresesd in edile portion ,1989.0,tu3,MS,1.1,,,,,,,13,,,,,,,,,,,,,,,,,,,,,,,,,,,,,,,,,,,,,,,,,,,,,,Tr,,0.6,,183,0.72,169,Tr,314,,1.6,,,,,,,,,,,,,,,,,,,,,,,,,,,,,,,,,,,,,,,,,,,,,,,,,,,,,,,,,,,,,,,,,,,,,,,,,,,,,,,,,,,,,,,,,,,,,,,,,,,,,,,,,,,,,,,,,,,,,,,,,,,,,,,,,,,,,,,,,,,,,,,,,,,,,,,,,,,,,,,,,,,,,,,
8,100110.0,"Papua New Guinea, East Sepik, Kaugia Kinjingini",,"Maize, dried",p,Zea mays,"February/March, 1987",,,data are expresesd in edile portion ,1989.0,tu3,MS,1.1,,,,,,,0,,,,,,,,,,,,,,,,,,,,,,,,,,,,,,,,,,,,,,,,,,,,,,,,0.27,,,0.47,,,,,2.62,,,,,,,,,,,,,,,,,,,,,,,,,,,,,,,,,,,,,,,,,,,,,,,,,,,,,,,,,,,,,,,,,,,,,,,,,,,,,,,,,,,,,,,,,,,,,,,,,,,,,,,,,,,,,,,,,,,,,,,,,,,,,,,,,,,,,,,,,,,,,,,,,,,,,,,,,,,,,,,,,,,,,,,
9,100111.0,"Brazil, States of Rio Grande do Sul and Santa Catarina",,"Rice, long grain, brown, raw",r,Oryza sativa indica,2003,,5,,2005.0,r005,DP/MS,1.1,,,,,,,12.6,,5.7,,,,,6.85,,,,2.65,,,,,,,,,,,,,,,,,,,,,,,,,,,,,,,,,1.21,,6.85,,0.16,0.57,181.71,0.36,16.88,0.54,61.27,0.04,1.98,,,,,,,,,,,,,,,,,,,,,,,,,,,,,,,,,,,,,,,,,,,,,,,,,,,,,,,,,,,,,,,,,,,,,,,,,,,,,,,,,,,,,,,,,,,,,,,,,,,,,,,,,,,,,,,,,,,,,,,,,,,,,,,,,,,,,,,,,,,,,,,,,,,,,,,,,,,,,,,,,,,,,,,
10,100112.0,"Brazil, States of Rio Grande do Sul and Santa Catarina",,"Rice, long grain, brown, parboiled",p,Oryza sativa indica,2003,"soaked in hot water(>60C )for 4-7h, steamed for 15min and dried ",5,,2005.0,r005,DP/MS,1.1,,,,,,,12.07,,5.7,,,,,6.76,,,,2.69,,,,,,,,,,,,,,,,,,,,,,,,,,,,,,,,,1.18,,6.23,,0.15,0.55,152.89,0.42,15.98,0.44,56.42,0.04,1.9,,,,,,,,,,,,,,,,,,,,,,,,,,,,,,,,,,,,,,,,,,,,,,,,,,,,,,,,,,,,,,,,,,,,,,,,,,,,,,,,,,,,,,,,,,,,,,,,,,,,,,,,,,,,,,,,,,,,,,,,,,,,,,,,,,,,,,,,,,,,,,,,,,,,,,,,,,,,,,,,,,,,,,,
11,100113.0,"Brazil, States of Rio Grande do Sul and Santa Catarina",,"Rice, long grain, milled, parboiled",p,Oryza sativa indica,2003,"soaked in hot water(>60C )for 4-7h, steamed for 15min and dried.  ",5,,2005.0,r005,DP/MS,1.1,,,,,,,10.83,,5.7,,,,,6.36,,,,0.38,,,,,,,,,,,,,,,,,,,,,,,,,,,,,,,,,0.55,,4.61,,0.17,0.43,143.21,0.28,15.43,0.59,58.85,0.03,1.15,,,,,,,,,,,,,,,,,,,,,,,,,,,,,,,,,,,,,,,,,,,,,,,,,,,,,,,,,,,,,,,,,,,,,,,,,,,,,,,,,,,,,,,,,,,,,,,,,,,,,,,,,,,,,,,,,,,,,,,,,,,,,,,,,,,,,,,,,,,,,,,,,,,,,,,,,,,,,,,,,,,,,,,
12,100114.0,"Brazil, States of Rio Grande do Sul and Santa Catarina",,"Rice, long grain, milled, raw",r,Oryza sativa indica,2003,,5,,2005.0,r005,DP/MS,1.1,,,,,,,11.1,,5.7,,,,,6.66,,,,0.5,,,,,,,,,,,,,,,,,,,,,,,,,,,,,,,,,0.47,,6.7,,0.18,0.4,65.46,0.45,15.06,0.53,41.98,0.03,2.09,,,,,,,,,,,,,,,,,,,,,,,,,,,,,,,,,,,,,,,,,,,,,,,,,,,,,,,,,,,,,,,,,,,,,,,,,,,,,,,,,,,,,,,,,,,,,,,,,,,,,,,,,,,,,,,,,,,,,,,,,,,,,,,,,,,,,,,,,,,,,,,,,,,,,,,,,,,,,,,,,,,,,,,
13,100115.0,Brazil,,"Rice, bran, raw",r,,,,,"Data expressed per DM - conversion to FW. PROT-, FAT- (analyzed according to AOAC 1995).Data extracted from table 1 ",2012.0,r010,MS,1.1,,,,,,,9.480000000000004,90.52,,,,,,,,11.260688,,,10.482216,,,,,,52.25719599999999,,,,,,,,,,,,,,,,,,,,,,13.034880000000001,7.730407999999999,3.421656,,3.48502,,,,,,,,,,,,,,,,,,,,,,,,,,,,,,,,,,,,,,,,,,,,,,,,,,,,,,,,,,,,,,,,,,,,,,,,,,,,,,,,,,,,,,,,,5.168692,,,,,,,,,,,,,,,,,,,,,,,,,,,,,,,,,,,,,,,,,,,,,,,,,,,,,,,,,,,,,,,,,,,,,,,,,,,,,,,,,,,,,,,,,,
14,100116.0,Philippines,,"Rice, white, milled, raw",r,,,,,"Fresh weight assumed. PROT-, FAT- (analyzed according to the methods recommended by the Ministry of Agriculture, Fisheries and Food(1986)), STARCH-(analyzed with a Polarimetric method), CHO-(available starch and sugars, analyzed according to a modified method of Clegg (1956)), SUGAR-(analyzed according to the Luff-Schoorl method),Nitrogen(dried and defatted) not entered because it does not fit with the description",1992.0,r011,DP/MS,1.1,,,,,1583,,11.97,,6.25,,,,,,,8.29,,,0.71,,,,,,,,,,76.3,,,,,,1.05,,,74.3,,,,,,0.46,,,,,,,0.53,,5,,,,,,,,110,,,,,,,,,,,,,,,,,,,,,,,,,,,,,,,,,,,,,,,,,,,,,,,,,,,,,,,,,,,,,,,,,,,,,,,,,,,,,,,,,,,,,,,,,,,,,,,,,,,,,,,,,,,,,,,,,,513.151,707.137,,814.9069999999999,532.218,,1580.9029999999998,400.4069999999999,226.31699999999998,373.87899999999996,691.386,324.13899999999995,244.55499999999998,465.89799999999997,388.80099999999993,438.54099999999994,314.191,,410.35499999999996,532.218,,,,,,,,,,,,,,,,,,,,,,,,,,,,,,,,,,,,
15,100117.0,Philippines,,"Rice, yellow, milled, raw",r,,,,,"Fresh weight assumed. PROT-, FAT- (analyzed according to the methods recommended by the Ministry of Agriculture, Fisheries and Food(1986)), STARCH-(analyzed with a Polarimetric method), CHO-(available starch and sugars, analyzed according to a modified method of Clegg (1956)), SUGAR-(analyzed according to the Luff-Schoorl method),Nitrogen(dried and defatted) not entered because it does not fit with the description",1992.0,r011,DP/MS,1.1,,,,,1586,,11.09,,6.25,,,,,,,8.7,,,0.37,,,,,,,,,,74.4,,,,,,1.16,,,73.6,,,,,,0.48,,,,,,,0.49,,7,,,,,,,,100,,,,,,,,,,,,,,,,,,,,,,,,,,,,,,,,,,,,,,,,,,,,,,,,,,,,,,,,,,,,,,,,,,,,,,,,,,,,,,,,,,,,,,,,,,,,,,,,,,,,,,,,,,,,,,,,,,574.1999999999999,758.64,,918.7199999999999,574.1999999999999,,1735.6499999999999,439.34999999999997,247.95,419.34,757.7699999999999,307.97999999999996,249.68999999999997,521.13,420.2099999999999,464.5799999999999,335.82,,453.27,574.1999999999999,,,,,,,,,,,,,,,,,,,,,,,,,,,,,,,,,,,,
16,100118.0,"USA, North Carolina, Wilson",,"Rice, long grain, brown, cooked",p,,,Two top national brands of rice were analyzed. Cooked according to package instructions except no salt or fat was added,,SUGAR-(analyzed according to AOAC 1997),2002.0,r013,DP,1.1,,,,,,,68.6,,6.25,,,,,,,,,,,,,,,,,,,,,,,,,,0.45,,,,,3.33,,,,,0.44,2.89,,,,,,,,,,,,,,,,,,,,,,,,,,,,,,,,,,,,,,,,,,,,,,,,,,,,,,,,,,,,,,,,,,,,,,,,,,,,,,,,,,,,,,,,,0.45,,,,,,,,,,,,,,,,,,,,,,,,,,,,,,,,,,,,,,,,,,,,,,,,,,,,,,,,,,,,,,,,,,,,,,,,,,,,,,,,,,,,,,,,,,,,,,,
17,100119.0,"USA, North Carolina, Wilson",,"Rice, long grain, white, cooked",p,,,Two top national brands of rice were analyzed. Cooked according to package instructions except no salt or fat was added,,SUGAR-(analyzed according to AOAC 1997),2002.0,r013,DP,1.1,,,,,,,68.1,,6.25,,,,,,,,,,,,,,,,,,,,,,,,,,0.03,,,,,0.34,,,,,,0.34,,,,,,,,,,,,,,,,,,,,,,,,,,,,,,,,,,,,,,,,,,,,,,,,,,,,,,,,,,,,,,,,,,,,,,,,,,,,,,,,,,,,,,,,,0.03,,,,,,,,,,,,,,,,,,,,,,,,,,,,,,,,,,,,,,,,,,,,,,,,,,,,,,,,,,,,,,,,,,,,,,,,,,,,,,,,,,,,,,,,,,,,,,,
18,100120.0,Nigeria,,"Rice gruel, fermented, malted rice and water",p,Oryza sativa,,"Malted rice was ground with water, fermented overnight, then sieved.",3,"PROT- (analyzed according to AOAC 1984), Amino acid values not entered due to no nitrogen values",2002.0,r014,DP,1.1,,,,,,,89.48,,,,,,,,,3.19,,0.43,,,,,,,,,5.84,,,,,,,,,,,,,,,,,,,,,,,,1.06,,,,,,,,,,,,,,,,,,,,,,,,,,,,,,,,,,,,,,,,,,,,,,,,,,,,,,,,,,,,,,,,,,,,,,,,,,,,,,,,,,,,,,,,,,,,,,,,,,,,,,,,,,,,,,,,,,,,,,,,,,,,,,,,,,,,,,,,,,,,,,,,,,,,,,,,,,,,,,,,,,,,,,,,,,,,,,,,,,,
19,100121.0,"Greece, Western part",,"Rice, white, broken, raw",r,Oryza sativa,,,,Data expressed per DM - conversion to FW. ,2008.0,r020,DP/MS,1.1,,,,,,,,86.9,6.25,,,,,6.369770000000001,,,,0.4431900000000001,,,,,,,,,,,,,,,,,,,,,,,,,,0.4431900000000001,,,,,,,0.50402,,8.690000000000001,,3.35434,5.79623,,3.7540800000000005,165.11,,,,4.9967500000000005,,,,,,,,,,,,,,,,,,,,,,,,,,,,,,,,,,,,,,,,,,,,,,,,,,,,,,,,,,,,,,,,,,,,,,,,,,,,,,,,,,,,,,,,,,,,,,,,,,,,,,,,,,,,,,,,,,,,,,,,,,,,,,,,,,,,,,,,,,,,,,,,,,,,,,,,,,,,,,,,,,,,,,,
20,100122.0,"Greece, Western part",,"Rice, white, broken, raw",r,Oryza sativa,,,,Data expressed per DM - conversion to FW. ,2008.0,r020,DP/MS,1.1,,,,,,,,87.9,6.25,,,,,5.69592,,,,0.29886,,,,,,,,,,,,,,,,,,,,,,,,,,0.9405300000000001,,,,,,,0.37797,,8.79,,1.9513800000000001,2.45241,,3.19956,131.85,,,,5.45859,,,,,,,,,,,,,,,,,,,,,,,,,,,,,,,,,,,,,,,,,,,,,,,,,,,,,,,,,,,,,,,,,,,,,,,,,,,,,,,,,,,,,,,,,,,,,,,,,,,,,,,,,,,,,,,,,,,,,,,,,,,,,,,,,,,,,,,,,,,,,,,,,,,,,,,,,,,,,,,,,,,,,,,
21,100123.0,"Greece, Western part",,"Rice, white, broken, raw",r,Oryza sativa,,,,Data expressed per DM - conversion to FW. ,2008.0,r020,DP/MS,1.1,,,,,,,,86.2,6.25,,,,,6.43052,,,,0.5172,,,,,,,,,,,,,,,,,,,,,,,,,,0.49995999999999996,,,,,,,0.39652000000000004,,8.62,,1.3964400000000001,0.9482,,2.85322,120.67999999999999,,,,4.499639999999999,,,,,,,,,,,,,,,,,,,,,,,,,,,,,,,,,,,,,,,,,,,,,,,,,,,,,,,,,,,,,,,,,,,,,,,,,,,,,,,,,,,,,,,,,,,,,,,,,,,,,,,,,,,,,,,,,,,,,,,,,,,,,,,,,,,,,,,,,,,,,,,,,,,,,,,,,,,,,,,,,,,,,,,
22,100124.0,"Greece, Western part",,"Rice, white, broken, raw",r,Oryza sativa,,,,Data expressed per DM - conversion to FW. ,2008.0,r020,DP/MS,1.1,,,,,,,,87.7,6.25,,,,,7.62113,,,,0.68406,,,,,,,,,,,,,,,,,,,,,,,,,,0.59636,,,,,,,0.68406,,5.2620000000000005,,1.5961400000000001,17.9785,,5.20061,236.79,,,,4.849810000000001,,,,,,,,,,,,,,,,,,,,,,,,,,,,,,,,,,,,,,,,,,,,,,,,,,,,,,,,,,,,,,,,,,,,,,,,,,,,,,,,,,,,,,,,,,,,,,,,,,,,,,,,,,,,,,,,,,,,,,,,,,,,,,,,,,,,,,,,,,,,,,,,,,,,,,,,,,,,,,,,,,,,,,,
23,100125.0,"Greece, Western part",,"Rice, bran, raw",r,Oryza sativa,,,,Data expressed per DM - conversion to FW. ,2008.0,r020,DP/MS,1.1,,,,,,,,89.5,6.25,,,,,13.1565,,,,16.5575,,,,,,,,,,,,,,,,,,,,,,,,,,6.596150000000001,,,,,,,8.0908,,75.18,,1.8974000000000002,34.368,,48.509,4322.85,,,,18.1685,,,,,,,,,,,,,,,,,,,,,,,,,,,,,,,,,,,,,,,,,,,,,,,,,,,,,,,,,,,,,,,,,,,,,,,,,,,,,,,,,,,,,,,,,,,,,,,,,,,,,,,,,,,,,,,,,,,,,,,,,,,,,,,,,,,,,,,,,,,,,,,,,,,,,,,,,,,,,,,,,,,,,,,
24,100126.0,"Greece, Western part",,"Rice, bran, raw",r,Oryza sativa,,,,Data expressed per DM - conversion to FW. ,2008.0,r020,DP/MS,1.1,,,,,,,,89.6,6.25,,,,,13.977599999999999,,,,11.827199999999998,,,,,,,,,,,,,,,,,,,,,,,,,,6.397439999999999,,,,,,,6.14656,,5.3759999999999994,,3.7990399999999998,33.42079999999999,,70.9632,3306.24,,,,16.934399999999997,,,,,,,,,,,,,,,,,,,,,,,,,,,,,,,,,,,,,,,,,,,,,,,,,,,,,,,,,,,,,,,,,,,,,,,,,,,,,,,,,,,,,,,,,,,,,,,,,,,,,,,,,,,,,,,,,,,,,,,,,,,,,,,,,,,,,,,,,,,,,,,,,,,,,,,,,,,,,,,,,,,,,,,
25,100127.0,"Greece, Western part",,"Rice, bran, raw",r,Oryza sativa,,,,Data expressed per DM - conversion to FW. ,2008.0,r020,DP/MS,1.1,,,,,,,,88.4,6.25,,,,,12.641200000000001,,,,13.7904,,,,,,,,,,,,,,,,,,,,,,,,,,5.4012400000000005,,,,,,,7.6996400000000005,,97.24,,4.4465200000000005,35.1832,,51.5372,3597.88,,,,14.144,,,,,,,,,,,,,,,,,,,,,,,,,,,,,,,,,,,,,,,,,,,,,,,,,,,,,,,,,,,,,,,,,,,,,,,,,,,,,,,,,,,,,,,,,,,,,,,,,,,,,,,,,,,,,,,,,,,,,,,,,,,,,,,,,,,,,,,,,,,,,,,,,,,,,,,,,,,,,,,,,,,,,,,
26,100128.0,"Greece, Western part",,"Rice, bran, raw",r,Oryza sativa,,,,Data expressed per DM - conversion to FW. ,2008.0,r020,DP/MS,1.1,,,,,,,,89.6,6.25,,,,,14.335999999999999,,,,12.991999999999999,,,,,,,,,,,,,,,,,,,,,,,,,,6.70208,,,,,,,7.5980799999999995,,116.47999999999999,,1.55008,39.782399999999996,,56.44799999999999,3440.6399999999994,,,,17.5616,,,,,,,,,,,,,,,,,,,,,,,,,,,,,,,,,,,,,,,,,,,,,,,,,,,,,,,,,,,,,,,,,,,,,,,,,,,,,,,,,,,,,,,,,,,,,,,,,,,,,,,,,,,,,,,,,,,,,,,,,,,,,,,,,,,,,,,,,,,,,,,,,,,,,,,,,,,,,,,,,,,,,,,
27,100129.0,Brazil,,"Rice, milled, cooked",p,,,Restaurant 1,2,"Fresh weight assumed. FAT-(analyzed according to AOAC 1995); FIB-(analyzed according to enzyme gravimetric method (Garbelotti et al. 2003),Rice with mushrooms/vegetables/broccoli not entered because recipe",2006.0,r024,DP,1.1,,,,213,,,49.75,,6.25,,,,,3.66,,,,,4.62,,,,,,39.2,,,,,,,,,,,,,,,,,,,1.24,,,,,,,1.53,,,,,,,,,,,,,,,,,,,,,,,,,,,,,,,,,,,,,,,,,,,,,,,,,,,,,,,,,,,,,,,,,,,,,,,,,,,,,,,,,,,,,,,,,,,,,,,,,,,,,,,,,,,,,,,,,,,,,,,,,,,,,,,,,,,,,,,,,,,,,,,,,,,,,,,,,,,,,,,,,,,,,,,,,,,,,,,,,,,
28,100130.0,Brazil,,"Rice, milled, cooked",p,,,Restaurant 2,2,"Fresh weight assumed. FAT-(analyzed according to AOAC 1995); FIB-(analyzed according to enzyme gravimetric method (Garbelotti et al. 2003),Rice with mushrooms/vegetables/broccoli not entered because recipe",2006.0,r024,DP,1.1,,,,168,,,60.98,,6.25,,,,,3.17,,,,,3.99,,,,,,29.87,,,,,,,,,,,,,,,,,,,1.21,,,,,,,0.78,,,,,,,,,,,,,,,,,,,,,,,,,,,,,,,,,,,,,,,,,,,,,,,,,,,,,,,,,,,,,,,,,,,,,,,,,,,,,,,,,,,,,,,,,,,,,,,,,,,,,,,,,,,,,,,,,,,,,,,,,,,,,,,,,,,,,,,,,,,,,,,,,,,,,,,,,,,,,,,,,,,,,,,,,,,,,,,,,,,
29,100131.0,Brazil,,"Rice, milled, cooked",p,,,Restaurant 3,2,"Fresh weight assumed. FAT-(analyzed according to AOAC 1995); FIB-(analyzed according to enzyme gravimetric method (Garbelotti et al. 2003),Rice with mushrooms/vegetables/broccoli not entered because recipe",2006.0,r024,DP,1.1,,,,161,,,59.02,,6.25,,,,,3.5,,,,,1.2,,,,,,33.99,,,,,,,,,,,,,,,,,,,1.42,,,,,,,0.87,,,,,,,,,,,,,,,,,,,,,,,,,,,,,,,,,,,,,,,,,,,,,,,,,,,,,,,,,,,,,,,,,,,,,,,,,,,,,,,,,,,,,,,,,,,,,,,,,,,,,,,,,,,,,,,,,,,,,,,,,,,,,,,,,,,,,,,,,,,,,,,,,,,,,,,,,,,,,,,,,,,,,,,,,,,,,,,,,,,
30,100132.0,"Indonesia, Lowokwaru Malang",,"Rice, bran, raw",r,,,,3,Data expressed per DM - conversion to FW. PROT- and FIB-(analyzed according to Sudarmadji et al. 1989),2010.0,r025,DP,1.1,,,,330.21884000000006,,,,92.68,6.25,,,,,,,8.850940000000001,,,,,,,,,,,,,,,,,,,,,,,,,,,,21.82614,,,,,,,,,,,,,,,,,,,,,,,,,,,,,,,,,,,,,,,,,,,,,,,,,,,,,,,,,,,,,,,,,,,,,,,,,,,,,,,,,,,,,,,,,,,,,,,,,,,,,,,,,,,,,,,,,,,,,,,,,,,,,,,,,,,,,,,,,,,,,,,,,,,,,,,,,,,,,,,,,,,,,,,,,,,,,,,,,,,,,,,,,,
31,100133.0,"Indonesia, Lowokwaru Malang",,"Rice, bran, steamed",p,,,steamed for 60 minutes,3,Data expressed per DM - conversion to FW. PROT- (analyzed according to Sudarmadji et al. 1989),2010.0,r025,MS,1.1,,,,,,,,62.45,6.25,,,,,,,6.600965,,,,,,,,,,,,,,,,,,,,,,,,,,,,,,,,,,,,,,,,,,,,,,,,,,,,,,,,,,,,,,,,,,,,,,,,,,,,,,,,,,,,,,,,,,,,,,,,,,,,,,,,,,,,,,,,,,,,,,,,,,,,,,,,,,,,,,,,,,,,,,,,,,,,,,,,,,,,,,,,,,,,,,,,,,,,,,,,,,,,,,,,,,,,,,,,,,,,,,,,,,,,,,,,,,,,,,
32,100134.0,"Indonesia, Lowokwaru Malang",,"Rice, bran, steamed for 60 minutes, fermented",p,,,fermented 24 hour,3,Data expressed per DM - conversion to FW. PROT-(analyzed according to Sudarmadji et al. 1989),2010.0,r025,MS,1.1,,,,,,,,65.96,6.25,,,,,,,6.69494,,,,,,,,,,,,,,,,,,,,,,,,,,,,,,,,,,,,,,,,,,,,,,,,,,,,,,,,,,,,,,,,,,,,,,,,,,,,,,,,,,,,,,,,,,,,,,,,,,,,,,,,,,,,,,,,,,,,,,,,,,,,,,,,,,,,,,,,,,,,,,,,,,,,,,,,,,,,,,,,,,,,,,,,,,,,,,,,,,,,,,,,,,,,,,,,,,,,,,,,,,,,,,,,,,,,,,
33,100135.0,"Indonesia, Lowokwaru Malang",,"Rice, bran, steamed for 60 minutes, fermented",p,,,fermented 48 hour,3,Data expressed per DM - conversion to FW. PROT- (analyzed according to Sudarmadji et al. 1989),2010.0,r025,MS,1.1,,,,,,,,71.35,6.25,,,,,,,7.2206199999999985,,,,,,,,,,,,,,,,,,,,,,,,,,,,,,,,,,,,,,,,,,,,,,,,,,,,,,,,,,,,,,,,,,,,,,,,,,,,,,,,,,,,,,,,,,,,,,,,,,,,,,,,,,,,,,,,,,,,,,,,,,,,,,,,,,,,,,,,,,,,,,,,,,,,,,,,,,,,,,,,,,,,,,,,,,,,,,,,,,,,,,,,,,,,,,,,,,,,,,,,,,,,,,,,,,,,,,
34,100136.0,"Indonesia, Lowokwaru Malang",,"Rice, bran, steamed for 60 minutes, fermented",p,,,fermented 72 hour,3,Data expressed per DM - conversion to FW. PROT- (analyzed according to Sudarmadji et al. 1989),2010.0,r025,MS,1.1,,,,,,,,69.7,6.25,,,,,,,7.3882,,,,,,,,,,,,,,,,,,,,,,,,,,,,,,,,,,,,,,,,,,,,,,,,,,,,,,,,,,,,,,,,,,,,,,,,,,,,,,,,,,,,,,,,,,,,,,,,,,,,,,,,,,,,,,,,,,,,,,,,,,,,,,,,,,,,,,,,,,,,,,,,,,,,,,,,,,,,,,,,,,,,,,,,,,,,,,,,,,,,,,,,,,,,,,,,,,,,,,,,,,,,,,,,,,,,,,
35,100137.0,"Thailand, Pathum Thani and Bangkok",,"Rice, Jasmine, white, raw",r,Oryza sativa,,General name: unpolished jasmine rice,6,"Author confirmed data is expressed in fresh weight, Mean mineral contents of white jasmine rice",2010.0,r028,DP/MS,1.1,,,,,,,11.62,,,,,,,,,,,,,,,,,,,,,,,,,,,,,,,,,,,,,,,,,,,,,90,,,,,61.8,0.73,4.05,,,,2.18,1020,,,,0.34,,,,,,,,,,,,,,,,,,,,,,,,,,,,,,,,,,,,,,,,,,,,,,,,,,,,,,,,,,,,,,,,,,,,,,,,,,,,,,,,,,,,,,,,,,,,,,,,,,,,,,,,,,,,,,,,,,,,,,,,,,,,,,,,,,,,,,,,,,,,,,,,,,,,,,,,,,,,,,,,,,
36,100138.0,"Thailand, Pathum Thani and Bangkok",,"Rice, Jasmine, brown, raw",r,Oryza sativa,,"General name: Thai jasmine rice, Hom Mali rice",6,Author confirmed data is expressed in fresh weight ,2010.0,r028,DP/MS,1.1,,,,,,,11.35,,,,,,,,,,,,,,,,,,,,,,,,,,,,,,,,,,,,,,,,,,,,,50,,,,,217.6,2.13,79.16,,,,2.73,1690,,,,0.36,,,,,,,,,,,,,,,,,,,,,,,,,,,,,,,,,,,,,,,,,,,,,,,,,,,,,,,,,,,,,,,,,,,,,,,,,,,,,,,,,,,,,,,,,,,,,,,,,,,,,,,,,,,,,,,,,,,,,,,,,,,,,,,,,,,,,,,,,,,,,,,,,,,,,,,,,,,,,,,,,,
37,100139.0,"Thailand, Pathum Thani and Bangkok",,"Rice, Glutinous, white, raw",r,Oryza sativa var. glutinosa,,"General name: Sticky rice, sweet rice, waxy rice",6,Author confirmed data is expressed in fresh weight ,2010.0,r028,DP/MS,1.1,,,,,,,12.06,,,,,,,,,,,,,,,,,,,,,,,,,,,,,,,,,,,,,,,,,,,,,40,,,,,64.4,0.81,4.2,,,,2.68,1220,,,,0.26,,,,,,,,,,,,,,,,,,,,,,,,,,,,,,,,,,,,,,,,,,,,,,,,,,,,,,,,,,,,,,,,,,,,,,,,,,,,,,,,,,,,,,,,,,,,,,,,,,,,,,,,,,,,,,,,,,,,,,,,,,,,,,,,,,,,,,,,,,,,,,,,,,,,,,,,,,,,,,,,,,
38,100140.0,"Thailand, Pathum Thani and Bangkok",,"Rice, Glutinous, black, raw",r,Oryza sativa,,General name: Black sticky rice,6,Author confirmed data is expressed in fresh weight ,2010.0,r028,DP/MS,1.1,,,,,,,11.21,,,,,,,,,,,,,,,,,,,,,,,,,,,,,,,,,,,,,,,,,,,,,60,,,,,269.81,2.46,72.09,,,,2.66,1990,,,,0.26,,,,,,,,,,,,,,,,,,,,,,,,,,,,,,,,,,,,,,,,,,,,,,,,,,,,,,,,,,,,,,,,,,,,,,,,,,,,,,,,,,,,,,,,,,,,,,,,,,,,,,,,,,,,,,,,,,,,,,,,,,,,,,,,,,,,,,,,,,,,,,,,,,,,,,,,,,,,,,,,,,
39,100141.0,"Kenia, Mombasa",,"Rice, Basmati, raw",r,Oryza sativa,,,3,"Proximates: fresh weight assumed. PROT-, FAT-, FIB-, CHO- (analyzed according to AOAC 1984). Minerals expressed per DM - conversion to FW.",1997.0,r030,DP/MS,1.1,,,,,,390,12.4,87.6,,,,,,,,5.6,,,0.4,,,,,,,,,,80.1,,,,,,,,,,,,,,,0.6,,,,,,,0.3,,1.0512,,0.035039999999999995,0.3504,3.7229999999999994,,4.2924,0.30659999999999993,4.2048,,0.0876,,,,,,,,,,,,,,,,,,,,,,,,,,,,,,,,,,,,,,,,,,,,,,,,,,,,,,,,,,,,,,,,,,,,,,,,,,,,,,,,,,,,,,,,,,,,,,,,,,,,,,,,,,,,,,,,,,,,,,,,,,,,,,,,,,,,,,,,,,,,,,,,,,,,,,,,,,,,,,,,,,,,,,,
40,100142.0,"Kenia, Mombasa",,"Rice, Basmati, infrared-irradiated,raw",p,Oryza sativa,,Infrared-irradiated for 30 seconds at 2000Â°C,3,"Proximates: fresh weight assumed. PROT-, FAT-, FIB-, CHO- (analyzed according to AOAC 1984). Minerals expressed per DM - conversion to FW.",1997.0,r030,DP/MS,1.1,,,,,,430,7.3,92.7,,,,,,,,5.7,,,0.4,,,,,,,,,,81.9,,,,,,,,,,,,,,,1,,,,,,,1.1,,1.1124,,0.04635,0.33372,19.420650000000002,,13.9977,0.36153,11.81925,,0.28737,,,,,,,,,,,,,,,,,,,,,,,,,,,,,,,,,,,,,,,,,,,,,,,,,,,,,,,,,,,,,,,,,,,,,,,,,,,,,,,,,,,,,,,,,,,,,,,,,,,,,,,,,,,,,,,,,,,,,,,,,,,,,,,,,,,,,,,,,,,,,,,,,,,,,,,,,,,,,,,,,,,,,,,
41,100143.0,India,,"Rice, bran, laboratory defatted, raw",r,,,,4,"PROT- and FAT- (analyzed according to AOAC 1984, 1986), Author confirmed the data is in fresh basis ",2011.0,r033,DP,1.1,,,,,,,13.3,,,,,,,,,16.6,,,0.33,,,,,,,,,,,,,,,,,,,,,7.41,,,,,5.17,2.24,,,,,15.6,,24,,,28.5,,,,,16,,,,,,,,,,,,,,,,,,,,,,,,,,,,,,,,,,,,,,,,,,,,,,,,,,,,,,,,,,,,,,,,,,,,,,,,,,,,,,,,,,,,,,,,,,,,,,,,,,,,,,,,,,,,,,,,,,,,,,,,,,,,,,,,,,,,,,,,,,,,,,,,,,,,,,,,,,,,,,,,,,,,,,,,,
42,100144.0,India,,"Rice, bran, commercial defatted, raw",r,,,,4,"PROT- and FAT- (analyzed according to AOAC 1984, 1986), Author confirmed the data is in fresh basis ",2011.0,r033,DP,1.1,,,,,,,11.1,,,,,,,,,17.2,,,0.66,,,,,,,,,,,,,,,,,,,,,11.44,,,,,9.19,2.24,,,,,14.65,,25.5,,,29,,,,,16.6,,,,,,,,,,,,,,,,,,,,,,,,,,,,,,,,,,,,,,,,,,,,,,,,,,,,,,,,,,,,,,,,,,,,,,,,,,,,,,,,,,,,,,,,,,,,,,,,,,,,,,,,,,,,,,,,,,,,,,,,,,,,,,,,,,,,,,,,,,,,,,,,,,,,,,,,,,,,,,,,,,,,,,,,,
43,100145.0,Brazil,,"Rice, white, raw",r,Oryza sativa,,,17,Data expressed in wet basis,2010.0,r038,DP/MS,1.1,,,,,,,,,,,,,,,,,,,,,,,,,,,,,,,,,,,,,,,,,,,,,,,,,,,,,,2.93,0.24,,,1.21,46.23,,214.08,3.21,1.53,,10.53,,1.3,,,,,,,,,,0.03,0.21,,,,,,,,,,,,,,,,,,,,,,,,,,,,,,,,,,,,,,,,,,,,,,,,,,,,,,,,,,,,,,,,,,,,,,,,,,,,,,,,,,,,,,,,,,,,,,,,,,,,,,,,,,,,,,,,,,,,,,,,,,,,,,,,,,,,,,,,,,,,,,,,,,,,,,,,
44,100146.0,Brazil,,"Rice, white, parboiled",p,Oryza sativa,,,6,Data expressed in wet basis,2010.0,r038,DP/MS,1.1,,,,,,,,,,,,,,,,,,,,,,,,,,,,,,,,,,,,,,,,,,,,,,,,,,,,,,3.34,0.37,,,1.82,113.2,,407.85,4.49,1.78,,9.84,,1.11,,,,,,,,,,0.05,0.6,,,,,,,,,,,,,,,,,,,,,,,,,,,,,,,,,,,,,,,,,,,,,,,,,,,,,,,,,,,,,,,,,,,,,,,,,,,,,,,,,,,,,,,,,,,,,,,,,,,,,,,,,,,,,,,,,,,,,,,,,,,,,,,,,,,,,,,,,,,,,,,,,,,,,,,,
45,100147.0,Brazil,,"Rice, brown, parboiled",p,Oryza sativa,,,4,Data expressed in wet basis,2010.0,r038,DP/MS,1.1,,,,,,,,,,,,,,,,,,,,,,,,,,,,,,,,,,,,,,,,,,,,,,,,,,,,,,6.91,0.42,,,9.1,489,,1561.88,4.21,4.42,,15.4,,1.75,,,,,,,,,,0.05,0.54,,,,,,,,,,,,,,,,,,,,,,,,,,,,,,,,,,,,,,,,,,,,,,,,,,,,,,,,,,,,,,,,,,,,,,,,,,,,,,,,,,,,,,,,,,,,,,,,,,,,,,,,,,,,,,,,,,,,,,,,,,,,,,,,,,,,,,,,,,,,,,,,,,,,,,,,
46,100148.0,,,"Rice, long grain, brown, raw",r,Oryza sativa ssp Indica,,,,Expressed in fresh weight,2008.0,r039,DP/MS,1.1,,,,,,,,,,,,,,,,,,,,,,,,,,,,,,,,,,,,,,,,,,,,,,,,,,,,,,,0.21,0.9,,4.5,,,,20,2.1,,,,,,0.6,,,,,,0.46,,,,,,,,,,,,,,,,,,,,,,,,,,,,,,,,,,,,,,,,,,,,,,,,,,,,,,,,,,,,,,,,,,,,,,,,,,,,,,,,,,,,,,,,,,,,,,,,,,,,,,,,,,,,,,,,,,,,,,,,,,,,,,,,,,,,,,,,,,,,,,,,,,,,,,,,,,,
47,100149.0,,,"Rice, long grain, brown, parboiled",p,Oryza sativa ssp Indica,,,,Expressed in fresh weight,2008.0,r039,DP/MS,1.1,,,,,,,,,,,,,,,,,,,,,,,,,,,,,,,,,,,,,,,,,,,,,,,,,,,,,,,0.25,1.4,,4.2,,,,30,2.1,,,,,,2.4,,,,,,0.88,,,,,,,,,,,,,,,,,,,,,,,,,,,,,,,,,,,,,,,,,,,,,,,,,,,,,,,,,,,,,,,,,,,,,,,,,,,,,,,,,,,,,,,,,,,,,,,,,,,,,,,,,,,,,,,,,,,,,,,,,,,,,,,,,,,,,,,,,,,,,,,,,,,,,,,,,,,
48,100150.0,USA,,"Rice, long grain, brown, parboiled",p,Oryza sativa ssp Indica,,,,Expressed in fresh weight,2008.0,r039,DP/MS,1.1,,,,,,,,,,,,,,,,,,,,,,,,,,,,,,,,,,,,,,,,,,,,,,,,,,,,,,,0.2,0.87,,4,,,,20,1.8,,,,,,0.6,,,,,,0.5,,,,,,,,,,,,,,,,,,,,,,,,,,,,,,,,,,,,,,,,,,,,,,,,,,,,,,,,,,,,,,,,,,,,,,,,,,,,,,,,,,,,,,,,,,,,,,,,,,,,,,,,,,,,,,,,,,,,,,,,,,,,,,,,,,,,,,,,,,,,,,,,,,,,,,,,,,,
49,100151.0,Thailand,,"Rice, long grain, white, Asian, raw",r,Oryza sativa ssp Indica,,Polished,,Expressed in fresh weight,2008.0,r039,DP/MS,1.1,,,,,,,,,,,,,,,,,,,,,,,,,,,,,,,,,,,,,,,,,,,,,,,,,,,,,,,0.077,0.19,,1.2,,,,,1.5,,,,,,"<0,3",,,,,,,,,,,,,,,,,,,,,,,,,,,,,,,,,,,,,,,,,,,,,,,,,,,,,,,,,,,,,,,,,,,,,,,,,,,,,,,,,,,,,,,,,,,,,,,,,,,,,,,,,,,,,,,,,,,,,,,,,,,,,,,,,,,,,,,,,,,,,,,,,,,,,,,,,,,,,,,,,
50,100152.0,India/Pakistan,,"Rice, long grain, white, Basmati, raw",r,Oryza sativa ssp Indica,,Polished,,Expressed in fresh weight,2008.0,r039,DP/MS,1.1,,,,,,,,,,,,,,,,,,,,,,,,,,,,,,,,,,,,,,,,,,,,,,,,,,,,,,,0.21,0.38,,0.9,,,,20,1.7,,,,,,1.6,,,,,,0.22,,,,,,,,,,,,,,,,,,,,,,,,,,,,,,,,,,,,,,,,,,,,,,,,,,,,,,,,,,,,,,,,,,,,,,,,,,,,,,,,,,,,,,,,,,,,,,,,,,,,,,,,,,,,,,,,,,,,,,,,,,,,,,,,,,,,,,,,,,,,,,,,,,,,,,,,,,,
51,100153.0,Thailand,,"Rice, long grain, white, Jasmine, raw",r,Oryza sativa ssp Indica,,Polished,,Expressed in fresh weight,2008.0,r039,DP/MS,1.1,,,,,,,,,,,,,,,,,,,,,,,,,,,,,,,,,,,,,,,,,,,,,,,,,,,,,,,0.12,0.18,,1,,,,<10,1.7,,,,,,0.6,,,,,,0.42,,,,,,,,,,,,,,,,,,,,,,,,,,,,,,,,,,,,,,,,,,,,,,,,,,,,,,,,,,,,,,,,,,,,,,,,,,,,,,,,,,,,,,,,,,,,,,,,,,,,,,,,,,,,,,,,,,,,,,,,,,,,,,,,,,,,,,,,,,,,,,,,,,,,,,,,,,,
52,100154.0,Thailand,,"Rice, long grain, white, ecological Jasmine, raw",r,Oryza sativa ssp Indica,,Polished,,Expressed in fresh weight,2008.0,r039,DP/MS,1.1,,,,,,,,,,,,,,,,,,,,,,,,,,,,,,,,,,,,,,,,,,,,,,,,,,,,,,,0.099,0.13,,1.1,,,,20,1.8,,,,,,"<0,3",,,,,,0.55,,,,,,,,,,,,,,,,,,,,,,,,,,,,,,,,,,,,,,,,,,,,,,,,,,,,,,,,,,,,,,,,,,,,,,,,,,,,,,,,,,,,,,,,,,,,,,,,,,,,,,,,,,,,,,,,,,,,,,,,,,,,,,,,,,,,,,,,,,,,,,,,,,,,,,,,,,,
53,100155.0,,,"Rice, long grain, white, Instant, parboiled",p,Oryza sativa ssp Indica,,"Polished after parboiling, ",,Expressed in fresh weight,2008.0,r039,DP/MS,1.1,,,,,,,,,,,,,,,,,,,,,,,,,,,,,,,,,,,,,,,,,,,,,,,,,,,,,,,0.16,0.29,,0.8,,,,<10,0.88,,,,,,0.3,,,,,,0.05,,,,,,,,,,,,,,,,,,,,,,,,,,,,,,,,,,,,,,,,,,,,,,,,,,,,,,,,,,,,,,,,,,,,,,,,,,,,,,,,,,,,,,,,,,,,,,,,,,,,,,,,,,,,,,,,,,,,,,,,,,,,,,,,,,,,,,,,,,,,,,,,,,,,,,,,,,,
54,100156.0,,,"Rice, long grain, white, Instant, parboiled",p,Oryza sativa ssp Indica,,"Polished after parboiling, ",,Expressed in fresh weight,2008.0,r039,DP/MS,1.1,,,,,,,,,,,,,,,,,,,,,,,,,,,,,,,,,,,,,,,,,,,,,,,,,,,,,,,0.28,0.41,,0.7,,,,20,0.66,,,,,,1.2,,,,,,0.57,,,,,,,,,,,,,,,,,,,,,,,,,,,,,,,,,,,,,,,,,,,,,,,,,,,,,,,,,,,,,,,,,,,,,,,,,,,,,,,,,,,,,,,,,,,,,,,,,,,,,,,,,,,,,,,,,,,,,,,,,,,,,,,,,,,,,,,,,,,,,,,,,,,,,,,,,,,
55,100157.0,USA,,"Rice, long grain, white, Instant, parboiled",p,Oryza sativa ssp Indica,,"Polished after parboiling, ",,Expressed in fresh weight,2008.0,r039,DP/MS,1.1,,,,,,,,,,,,,,,,,,,,,,,,,,,,,,,,,,,,,,,,,,,,,,,,,,,,,,,0.21,0.52,,1.3,,,,20,1.2,,,,,,0.9,,,,,,0.48,,,,,,,,,,,,,,,,,,,,,,,,,,,,,,,,,,,,,,,,,,,,,,,,,,,,,,,,,,,,,,,,,,,,,,,,,,,,,,,,,,,,,,,,,,,,,,,,,,,,,,,,,,,,,,,,,,,,,,,,,,,,,,,,,,,,,,,,,,,,,,,,,,,,,,,,,,,
56,100158.0,Italy,,"Rice, long grain, white, ecological, parboiled",p,Oryza sativa ssp Indica,,"Polished after parboiling, ",,Expressed in fresh weight,2008.0,r039,DP/MS,1.1,,,,,,,,,,,,,,,,,,,,,,,,,,,,,,,,,,,,,,,,,,,,,,,,,,,,,,,0.15,0.22,,0.78,,,,<10,0.95,,,,,,0.4,,,,,,0.15,,,,,,,,,,,,,,,,,,,,,,,,,,,,,,,,,,,,,,,,,,,,,,,,,,,,,,,,,,,,,,,,,,,,,,,,,,,,,,,,,,,,,,,,,,,,,,,,,,,,,,,,,,,,,,,,,,,,,,,,,,,,,,,,,,,,,,,,,,,,,,,,,,,,,,,,,,,
57,100159.0,USA/Italy,,"Rice, long grain, white, ecological, parboiled",p,Oryza sativa ssp Indica,,"Polished after parboiling, ",,Expressed in fresh weight,2008.0,r039,DP/MS,1.1,,,,,,,,,,,,,,,,,,,,,,,,,,,,,,,,,,,,,,,,,,,,,,,,,,,,,,,0.17,0.23,,1.2,,,,<10,1,,,,,,0.3,,,,,,0.11,,,,,,,,,,,,,,,,,,,,,,,,,,,,,,,,,,,,,,,,,,,,,,,,,,,,,,,,,,,,,,,,,,,,,,,,,,,,,,,,,,,,,,,,,,,,,,,,,,,,,,,,,,,,,,,,,,,,,,,,,,,,,,,,,,,,,,,,,,,,,,,,,,,,,,,,,,,
58,100160.0,,,"Rice, long grain, white, wild rice mix, parboiled",p,Oryza sativa ssp Indica,,"Polished after parboiling, ",,Expressed in fresh weight,2008.0,r039,DP/MS,1.1,,,,,,,,,,,,,,,,,,,,,,,,,,,,,,,,,,,,,,,,,,,,,,,,,,,,,,,0.39,0.67,,0.94,,,,<10,1.8,,,,,,1,,,,,,0.069,,,,,,,,,,,,,,,,,,,,,,,,,,,,,,,,,,,,,,,,,,,,,,,,,,,,,,,,,,,,,,,,,,,,,,,,,,,,,,,,,,,,,,,,,,,,,,,,,,,,,,,,,,,,,,,,,,,,,,,,,,,,,,,,,,,,,,,,,,,,,,,,,,,,,,,,,,,
59,100161.0,USA,,"Rice, long grain, white, wild rice mix, parboiled",p,Oryza sativa ssp Indica,,"Polished after parboiling, ",,Expressed in fresh weight,2008.0,r039,DP/MS,1.1,,,,,,,,,,,,,,,,,,,,,,,,,,,,,,,,,,,,,,,,,,,,,,,,,,,,,,,0.29,0.92,,2,,,,30,2,,,,,,1.5,,,,,,0.54,,,,,,,,,,,,,,,,,,,,,,,,,,,,,,,,,,,,,,,,,,,,,,,,,,,,,,,,,,,,,,,,,,,,,,,,,,,,,,,,,,,,,,,,,,,,,,,,,,,,,,,,,,,,,,,,,,,,,,,,,,,,,,,,,,,,,,,,,,,,,,,,,,,,,,,,,,,
60,100162.0,Australia/Italy,,"Rice, short grain, brown, ecological, raw",r,Oryza sativa ssp Japonica,,,,Expressed in fresh weight,2008.0,r039,DP/MS,1.1,,,,,,,,,,,,,,,,,,,,,,,,,,,,,,,,,,,,,,,,,,,,,,,,,,,,,,,0.16,0.1,,3.9,,,,<10,1.9,,,,,,0.4,,,,,,0.12,,,,,,,,,,,,,,,,,,,,,,,,,,,,,,,,,,,,,,,,,,,,,,,,,,,,,,,,,,,,,,,,,,,,,,,,,,,,,,,,,,,,,,,,,,,,,,,,,,,,,,,,,,,,,,,,,,,,,,,,,,,,,,,,,,,,,,,,,,,,,,,,,,,,,,,,,,,
61,100163.0,,,"Rice, short grain, white, instant flakes",p,Oryza sativa ssp Japonica,,Polished,,Expressed in fresh weight,2008.0,r039,DP/MS,1.1,,,,,,,,,,,,,,,,,,,,,,,,,,,,,,,,,,,,,,,,,,,,,,,,,,,,,,,0.16,0.16,,0.81,,,,<10,1.6,,,,,,"<0,3",,,,,,0.062,,,,,,,,,,,,,,,,,,,,,,,,,,,,,,,,,,,,,,,,,,,,,,,,,,,,,,,,,,,,,,,,,,,,,,,,,,,,,,,,,,,,,,,,,,,,,,,,,,,,,,,,,,,,,,,,,,,,,,,,,,,,,,,,,,,,,,,,,,,,,,,,,,,,,,,,,,,
62,100164.0,,,"Rice, short grain, white, instant flakes",p,Oryza sativa ssp Japonica,,Polished,,Expressed in fresh weight,2008.0,r039,DP/MS,1.1,,,,,,,,,,,,,,,,,,,,,,,,,,,,,,,,,,,,,,,,,,,,,,,,,,,,,,,0.2,0.26,,1.5,,,,<10,1.8,,,,,,0.5,,,,,,0.11,,,,,,,,,,,,,,,,,,,,,,,,,,,,,,,,,,,,,,,,,,,,,,,,,,,,,,,,,,,,,,,,,,,,,,,,,,,,,,,,,,,,,,,,,,,,,,,,,,,,,,,,,,,,,,,,,,,,,,,,,,,,,,,,,,,,,,,,,,,,,,,,,,,,,,,,,,,
63,100165.0,USA,,"Rice, short grain, white, instant flakes",p,Oryza sativa ssp Japonica,,Polished,,Expressed in fresh weight,2008.0,r039,DP/MS,1.1,,,,,,,,,,,,,,,,,,,,,,,,,,,,,,,,,,,,,,,,,,,,,,,,,,,,,,,0.19,0.33,,1.6,,,,<10,1.2,,,,,,"<0,3",,,,,,0.077,,,,,,,,,,,,,,,,,,,,,,,,,,,,,,,,,,,,,,,,,,,,,,,,,,,,,,,,,,,,,,,,,,,,,,,,,,,,,,,,,,,,,,,,,,,,,,,,,,,,,,,,,,,,,,,,,,,,,,,,,,,,,,,,,,,,,,,,,,,,,,,,,,,,,,,,,,,
64,100166.0,Italy,,"Rice, short grain, white, ecological, raw",r,Oryza sativa ssp Japonica,,Polished,,Expressed in fresh weight,2008.0,r039,DP/MS,1.1,,,,,,,,,,,,,,,,,,,,,,,,,,,,,,,,,,,,,,,,,,,,,,,,,,,,,,,0.11,0.12,,0.73,,,,<10,1.2,,,,,,"<0,3",,,,,,0.038,,,,,,,,,,,,,,,,,,,,,,,,,,,,,,,,,,,,,,,,,,,,,,,,,,,,,,,,,,,,,,,,,,,,,,,,,,,,,,,,,,,,,,,,,,,,,,,,,,,,,,,,,,,,,,,,,,,,,,,,,,,,,,,,,,,,,,,,,,,,,,,,,,,,,,,,,,,
65,100167.0,,,"Rice, short grain, white, Avorio, parboiled",p,Oryza sativa ssp Japonica,,,,Expressed in fresh weight,2008.0,r039,DP/MS,1.1,,,,,,,,,,,,,,,,,,,,,,,,,,,,,,,,,,,,,,,,,,,,,,,,,,,,,,,0.17,0.3,,0.77,,,,<10,1.1,,,,,,"<0,3",,,,,,0.085,,,,,,,,,,,,,,,,,,,,,,,,,,,,,,,,,,,,,,,,,,,,,,,,,,,,,,,,,,,,,,,,,,,,,,,,,,,,,,,,,,,,,,,,,,,,,,,,,,,,,,,,,,,,,,,,,,,,,,,,,,,,,,,,,,,,,,,,,,,,,,,,,,,,,,,,,,,
66,100168.0,"India, Mysore",,"Rice, polished, milled, raw",r,,,,2,"STARCH-(estimated by degradation of starch to glucose with amyloglucosidase followed by determination of glucose (Batey and Ryde 1982, Raghuramulu et al. 2003)). Soluble and insoluble dietary fiber were measured on the basis of separation of non starch polysaccharide by enzymatic and gravimetric methods; data are described on DM basis according to the author - converted to FW; tagname for phytate was updated on version 2.0",2010.0,r041,DP,2.0,,,,,,,10.6,,6.25,,,,,8.8,,,,,,,,,,,,,,,,,,,,,,,,71.84,,,,,,4.58,4.32,0.25,,,,,,,17.3,,,1,,,,,,,,,,,,,,,,,,,,,,,,,,,,,,,,,,,,,,,,,,,,,,,,,,,,,,,,,,,,,,,,,,,,,,,,,,,,,,,,,,,,,,,,,,,,,,,,,,,,,,,,,,,,,,,,,,,,,,,,,,,,,,,,,,,,,,,,,,,,,,,,,187,,,,,,,,,,,,,,,,,,,,,,,,,,,6,13.41,
67,100169.0,"India, Mysore",,"Rice, bran, raw",r,,,,2,"STARCH-(estimated by degradation of starch to glucose with amyloglucosidase followed by determination of glucose (Batey and Ryde 1982, Raghuramulu et al. 2003)). Soluble and insoluble dietary fiber were measured on the basis of separation of non starch polysaccharide by enzymatic and gravimetric methods; data are described on DM basis according to the author - converted to FW; tagname for phytate was updated on version 2.0",2010.0,r041,DP,2.0,,,,,,,9.8,,6.25,,,,,14.82,,,,,,,,,,,,,,,,,,,,,,,,20.83,,,,,,38.2,33.6,4.6,,,,,,,63.32,,,21.65,,,,,,,,,,,,,,,,,,,,,,,,,,,,,,,,,,,,,,,,,,,,,,,,,,,,,,,,,,,,,,,,,,,,,,,,,,,,,,,,,,,,,,,,,,,,,,,,,,,,,,,,,,,,,,,,,,,,,,,,,,,,,,,,,,,,,,,,,,,,,,,,,655,,,,,,,,,,,,,,,,,,,,,,,,,,,360,20.74,
68,100170.0,"India, Bihar, Dhanbad, Bakreswar",,"Rice, milled, raw",r,Oryza sativa,,"Soil without fly ash, dried for 48h on open drying, dehusked, polished at 10% polishing",36,Fresh weight assumed(the sum of macronutrient +ash+moisture is around ~100g),2012.0,r048,DP/MS,1.1,,,,350,,,12.2,,,,,,,6.9,,,0.26,,,,,,,,80,,,,,,,,,,,,,,,,,,,0.11,,,,,,,0.5,,6.3,,,2.3,,1.2,27.6,,107.4,,,,,,2,,29,,,,,40,,,,,,,,,,,,,,,,,,,,,,,,,,,,,,,,,,,,,,,,,,,,,,,,,,,,,,,,,,,,,,,,,,,,,,,,,,,,,,,,,,,,,,,,,,,,,,,,,,,,,,,,,,,,,,,,,,,,,,,,,,,,,,,,,,,,,,,,,,,,,,,,,,,,,,,,,,,,
69,100171.0,"India, Bihar, Dhanbad, Bakreswar",,"Rice, milled, raw",r,Oryza sativa,,"Soil with fly ash, dried for 48h on open drying, dehusked, polished at 10% polishing",36,Fresh weight assumed(the sum of macronutrient +ash+moisture is around ~100g),2012.0,r048,DP/MS,1.1,,,,352,,,11.9,,,,,,,7,,,0.35,,,,,,,,80.1,,,,,,,,,,,,,,,,,,,0.11,,,,,,,0.54,,6,,,5.3,,1.2,27.6,,102.6,,,,,,5,,26,,,,,14,,,,,,,,,,,,,,,,,,,,,,,,,,,,,,,,,,,,,,,,,,,,,,,,,,,,,,,,,,,,,,,,,,,,,,,,,,,,,,,,,,,,,,,,,,,,,,,,,,,,,,,,,,,,,,,,,,,,,,,,,,,,,,,,,,,,,,,,,,,,,,,,,,,,,,,,,,,,
70,100172.0,"India, Karnataka, Raichur",,"Rice, milled, raw",r,Oryza sativa,,"Soil without fly ash, dried for 48h on open drying, dehusked, polished at 10% polishing",36,Fresh weight assumed(the sum of macronutrient +ash+moisture is around ~100g),2012.0,r048,DP/MS,1.1,,,,359,,,10.2,,,,,,,9.9,,,0.4,,,,,,,,78.9,,,,,,,,,,,,,,,,,,,0.1,,,,,,,0.53,,10.4,,,1.1,,1.1,25.3,,155.6,,,,,,4,,21,,,,,27,,,,,,,,,,,,,,,,,,,,,,,,,,,,,,,,,,,,,,,,,,,,,,,,,,,,,,,,,,,,,,,,,,,,,,,,,,,,,,,,,,,,,,,,,,,,,,,,,,,,,,,,,,,,,,,,,,,,,,,,,,,,,,,,,,,,,,,,,,,,,,,,,,,,,,,,,,,,
71,100173.0,"India, Karnataka, Raichur",,"Rice, milled, raw",r,Oryza sativa,,"Soil with fly ash, dried for 48h on open drying, dehusked, polished at 10% polishing",36,Fresh weight assumed(the sum of macronutrient +ash+moisture is around ~100g),2012.0,r048,DP/MS,1.1,,,,361,,,9.8,,,,,,,10,,,0.54,,,,,,,,79,,,,,,,,,,,,,,,,,,,0.11,,,,,,,0.51,,9.3,,,1.7,,1.1,28.6,,117.4,,,,,,1,,20,,,,,19,,,,,,,,,,,,,,,,,,,,,,,,,,,,,,,,,,,,,,,,,,,,,,,,,,,,,,,,,,,,,,,,,,,,,,,,,,,,,,,,,,,,,,,,,,,,,,,,,,,,,,,,,,,,,,,,,,,,,,,,,,,,,,,,,,,,,,,,,,,,,,,,,,,,,,,,,,,,
72,100174.0,"China, Hangzhou",,"Rice, non-glutinous, milled, raw",r,Oryza sativa,,274 rice genotypes,,"Data expressed per DM - conversion to FW, The rice grains were harvested at maturity and dried to the moisture of 12% according to the author ",2008.0,r050,DP/MS,1.1,,,,,,,12,88,,,,,,,,,,,,,,,,,,,,,,,,,,,,,,,,,,,,,,,,,,,,,10.59256,,0.8896799999999999,0.47079999999999994,70.00663999999999,0.93016,17.084319999999998,1.88672,,,2.26776,,,,,,,,,,,,,,,,,,,,,,,,,,,,,,,,,,,,,,,,,,,,,,,,,,,,,,,,,,,,,,,,,,,,,,,,,,,,,,,,,,,,,,,,,,,,,,,,,,,,,,,,,,,,,,,,,,,,,,,,,,,,,,,,,,,,,,,,,,,,,,,,,,,,,,,,,,,,,,,,,,,,,,,
73,100175.0,"China, Hangzhou",,"Rice, glutinous, milled, raw",r,Oryza sativa,,274 rice genotypes,,"Data expressed per DM - conversion to FW, The rice grains were harvested at maturity and dried to the moisture of 12% according to the author ",2008.0,r050,DP/MS,1.1,,,,,,,12,88,,,,,,,,,,,,,,,,,,,,,,,,,,,,,,,,,,,,,,,,,,,,,9.59464,,0.7145599999999999,0.52448,80.68368,1.11496,17.826159999999998,1.13784,,,2.4094399999999996,,,,,,,,,,,,,,,,,,,,,,,,,,,,,,,,,,,,,,,,,,,,,,,,,,,,,,,,,,,,,,,,,,,,,,,,,,,,,,,,,,,,,,,,,,,,,,,,,,,,,,,,,,,,,,,,,,,,,,,,,,,,,,,,,,,,,,,,,,,,,,,,,,,,,,,,,,,,,,,,,,,,,,,
74,100176.0,"China, Hangzhou",,"Rice, brown, raw",r,Oryza sativa,,69 rice genotypes,,"Data expressed per DM - conversion to FW, The rice grains were harvested at maturity and dried to the moisture of 12% according to the author ",2008.0,r050,DP/MS,1.1,,,,,,,12,88,,,,,,,,,,,,,,,,,,,,,,,,,,,,,,,,,,,,,,,,,,,,,17.99072,,0.8905599999999999,2.03016,301.98431999999997,2.0063999999999997,123.94536,3.43728,,,3.0527199999999994,,,,,,,,,,,,,,,,,,,,,,,,,,,,,,,,,,,,,,,,,,,,,,,,,,,,,,,,,,,,,,,,,,,,,,,,,,,,,,,,,,,,,,,,,,,,,,,,,,,,,,,,,,,,,,,,,,,,,,,,,,,,,,,,,,,,,,,,,,,,,,,,,,,,,,,,,,,,,,,,,,,,,,,
75,100177.0,"China, Hangzhou",,"Rice, milled, raw",r,Oryza sativa,,69 rice genotypes,,"Data expressed per DM - conversion to FW, The rice grains were harvested at maturity and dried to the moisture of 12% according to the author ",2008.0,r050,DP/MS,1.1,,,,,,,12,88,,,,,,,,,,,,,,,,,,,,,,,,,,,,,,,,,,,,,,,,,,,,,10.373439999999999,,0.6599999999999999,0.44527999999999995,76.12792,0.7893600000000001,18.59264,2.29064,,,2.3610399999999996,,,,,,,,,,,,,,,,,,,,,,,,,,,,,,,,,,,,,,,,,,,,,,,,,,,,,,,,,,,,,,,,,,,,,,,,,,,,,,,,,,,,,,,,,,,,,,,,,,,,,,,,,,,,,,,,,,,,,,,,,,,,,,,,,,,,,,,,,,,,,,,,,,,,,,,,,,,,,,,,,,,,,,,
76,100178.0,"China, Hangzhou",,"Rice, white brown, milled, raw",r,Oryza sativa,,,,"Data expressed per DM - conversion to FW, The rice grains were harvested at maturity and dried to the moisture of 12% according to the author ",2008.0,r050,DP/MS,1.1,,,,,,,12,88,,,,,,,,,,,,,,,,,,,,,,,,,,,,,,,,,,,,,,,,,,,,,10.69464,,0.87648,0.47168,71.72175999999999,0.9477599999999999,17.38264,1.86384,,,2.26424,,,,,,,,,,,,,,,,,,,,,,,,,,,,,,,,,,,,,,,,,,,,,,,,,,,,,,,,,,,,,,,,,,,,,,,,,,,,,,,,,,,,,,,,,,,,,,,,,,,,,,,,,,,,,,,,,,,,,,,,,,,,,,,,,,,,,,,,,,,,,,,,,,,,,,,,,,,,,,,,,,,,,,,
77,100179.0,"China, Hangzhou",,"Rice, red brown, milled, raw",r,Oryza sativa,,,,"Data expressed per DM - conversion to FW, The rice grains were harvested at maturity and dried to the moisture of 12% according to the author ",2008.0,r050,DP/MS,1.1,,,,,,,12,88,,,,,,,,,,,,,,,,,,,,,,,,,,,,,,,,,,,,,,,,,,,,,8.21304,,0.97944,0.484,53.82168,0.87736,12.83304,1.54792,,,2.77376,,,,,,,,,,,,,,,,,,,,,,,,,,,,,,,,,,,,,,,,,,,,,,,,,,,,,,,,,,,,,,,,,,,,,,,,,,,,,,,,,,,,,,,,,,,,,,,,,,,,,,,,,,,,,,,,,,,,,,,,,,,,,,,,,,,,,,,,,,,,,,,,,,,,,,,,,,,,,,,,,,,,,,,
78,100180.0,"China, Hangzhou",,"Rice, black brown, milled, raw",r,Oryza sativa,,,,"Data expressed per DM - conversion to FW, The rice grains were harvested at maturity and dried to the moisture of 12% according to the author ",2008.0,r050,DP/MS,1.1,,,,,,,12,88,,,,,,,,,,,,,,,,,,,,,,,,,,,,,,,,,,,,,,,,,,,,,8.41456,,0.7955199999999999,0.55704,61.76631999999999,0.9195999999999999,15.23368,1.33408,,,2.32144,,,,,,,,,,,,,,,,,,,,,,,,,,,,,,,,,,,,,,,,,,,,,,,,,,,,,,,,,,,,,,,,,,,,,,,,,,,,,,,,,,,,,,,,,,,,,,,,,,,,,,,,,,,,,,,,,,,,,,,,,,,,,,,,,,,,,,,,,,,,,,,,,,,,,,,,,,,,,,,,,,,,,,,
79,100181.0,"India, Chennai",Salem Samba,"Rice, Asian Indian variety, milled, organic, raw",r,,,,,"PROT-, FIB- and STARCH-(analyzed according to AACC 2009)",2012.0,r058,DP,1.1,,,,,,,9.3,,,,,,,,,7.5,,1.18,,,,,,,,,,,,21.2,,,,,,,,76.8,,,,,,0.2,,,,,,,,,,,,,,,,,,,,,,,,,,,,,,,,,,,,,,,,,,,,,,,,,,,,,,,,,,,,,,,,,,,,,,,,,,,,,,,,,,,,,,,,,,,,,,,,,,,,,,,,,,,,,,,,,,,,,,,,,,,,,,,,,,,,,,,,,,,,,,,,,,,,,,,,,,,,,,,,,,,,,,,,,,,,,,,,,,,,,,,,,,
80,100182.0,"India, Chennai",Salem Samba,"Rice bran, Asian Indian variety, organic, raw",r,,,,,FIB- (analyzed according to AACC 2009),2012.0,r058,DP,1.1,,,,,,,9.3,,,,,,,,,,,22.6,,,,,,,,,,,,,,,,,,,,,,,,,,8.5,,,,,,,,,,,,,,,,,,,,,,,,,,,,,,,,,,,,,,,,,,,,,,,,,,,,,,,,,,,,,,,,,,,,,,,,,,,,,,,,,,,,,,,,,,,,,,,,,,,,,,,,,,,,,,,,,,,,,,,,,,,,,,,,,,,,,,,,,,,,,,,,,,,,,,,,,,,,,,,,,,,,,,,,,,,,,,,,,,,,,,,,,,
81,100183.0,"USA, California, San Francisco",,"Rice, short/medium grain, flour, raw",p,Oryza sativa,,Lot A,,Data expressed per DM - conversion to FW. ,1983.0,r061,DP,1.1,,,,,,,12.59,87.41,5.95,1.040179,,,,,,6.188628,,,0.9702510000000001,,,,,,,,,,,17.394589999999997,,,,,,,,,,,,,,0.340899,,,,,,,0.48949600000000004,,,,,,,,,,,,,,,,,,,,,,,,,,,,,,,,,,,,,,,,,,,,,,,,,,,,,,,,,,,,,,,,,,,,,,,,,,,,,,,,,,,,,,,,,,,,,,,,,,,,,,,,,,,,,,,,,,,,,,,,,,,,,,,,,,,,,,,,,,,,,,,,,,,,,,,,,,,,,,,,,,,,,,,,,,,,,,,,,,,
82,100184.0,"USA, California, San Francisco",,"Rice, short/medium grain, flour, raw",p,Oryza sativa,,Lot B,,Data expressed per DM - conversion to FW. ,1983.0,r061,DP,1.1,,,,,,,13.43,86.57,5.95,0.9868979999999998,,,,,,5.869446,,,0.883014,,,,,,,,,,,16.361729999999998,,,,,,,,,,,,,,0.26836699999999997,,,,,,,0.580019,,,,,,,,,,,,,,,,,,,,,,,,,,,,,,,,,,,,,,,,,,,,,,,,,,,,,,,,,,,,,,,,,,,,,,,,,,,,,,,,,,,,,,,,,,,,,,,,,,,,,,,,,,,,,,,,,,,,,,,,,,,,,,,,,,,,,,,,,,,,,,,,,,,,,,,,,,,,,,,,,,,,,,,,,,,,,,,,,,,
83,100185.0,"USA, Texas, Houston",,"Rice, long grain, flour, raw",p,Oryza sativa,,Lot C,,Data expressed per DM - conversion to FW. ,1983.0,r061,DP,1.1,,,,,,,11.53,88.47,5.95,1.362438,,,,,,8.103852,,,1.158957,,,,,,,,,,,19.994220000000002,,,,,,,,,,,,,,0.35388000000000003,,,,,,,0.48658500000000005,,,,,,,,,,,,,,,,,,,,,,,,,,,,,,,,,,,,,,,,,,,,,,,,,,,,,,,,,,,,,,,,,,,,,,,,,,,,,,,,,,,,,,,,,,,,,,,,,,,,,,,,,,,,,,,,,,,,,,,,,,,,,,,,,,,,,,,,,,,,,,,,,,,,,,,,,,,,,,,,,,,,,,,,,,,,,,,,,,,
84,100186.0,Japan,,"Rice, bran, untreated, raw",r,,,,,"PROT- and FAT-(analyzed according to AOAC 1990). FIBND and FIBAD (analyzed according to Soest et al, 1991)",2006.0,r063,DP,1.1,,,,,,,,96.6,,,,,,,,16,,,19.9,,,,,,,,,,,,,,,,,,,,,,,,,,,,21,10.1,,,,,,,,,,,,,,,,,,,,,,,,,,,,,,,,,,,,,,,,,,,,,,,,,,,,,,,,,,,,,,,,,,,,,,,,,,,,,,,,,,,,,,,,,,,,,,,,,,,,,,,,,,,,,,,,,,,,,,,,,,,,,,,,,,,,,,,,,,,,,,,,,,,,,,,,,,,,,,,,,,,,,,,,,,,,,,,,,,,,,,
85,100187.0,Japan,,"Rice, bran, treated with Candida utilis strain IFO1086, raw",r,,,,,"PROT- and FAT-(analyzed according to AOAC 1990). FIBND and FIBAD (analyzed according to Soest et al, 1991)",2006.0,r063,DP,1.1,,,,,,,,97,,,,,,,,18,,,14.3,,,,,,,,,,,,,,,,,,,,,,,,,,,,24,12,,,,,,,,,,,,,,,,,,,,,,,,,,,,,,,,,,,,,,,,,,,,,,,,,,,,,,,,,,,,,,,,,,,,,,,,,,,,,,,,,,,,,,,,,,,,,,,,,,,,,,,,,,,,,,,,,,,,,,,,,,,,,,,,,,,,,,,,,,,,,,,,,,,,,,,,,,,,,,,,,,,,,,,,,,,,,,,,,,,,,,
86,100188.0,Japan,,"Rice, bran, treated with Candida utilis strain IFO0626, raw",r,,,,,"PROT- and FAT-(analyzed according to AOAC 1990). FIBND and FIBAD (analyzed according to Soest et al, 1991)",2006.0,r063,DP,1.1,,,,,,,,69.9,,,,,,,,17.7,,,14.1,,,,,,,,,,,,,,,,,,,,,,,,,,,,24.1,12.2,,,,,,,,,,,,,,,,,,,,,,,,,,,,,,,,,,,,,,,,,,,,,,,,,,,,,,,,,,,,,,,,,,,,,,,,,,,,,,,,,,,,,,,,,,,,,,,,,,,,,,,,,,,,,,,,,,,,,,,,,,,,,,,,,,,,,,,,,,,,,,,,,,,,,,,,,,,,,,,,,,,,,,,,,,,,,,,,,,,,,,
87,100189.0,,,"Rice flake, thick, powdered, raw ",r,,,"Thickness: 1,204 mm; commercial sample A",,"FIB- (analyzed by the enzymatic gravimetric method (Asp et al. 1983)), author confirmed the values are expressed in fresh weight",2007.0,r066,DP,1.1,,,,,,,10.9,89.1,,,,,,,,,,,,,,,,,,,,,,,,,,,,,,,,,,,,9.7,,,,,,,0.9,,165.8,,,3.64,,,,,290.4,,,,,,,,,,,,,,,,,,,,,,,,,,,,,,,,,,,,,,,,,,,,,,,,,,,,,,,,,,,,,,,,,,,,,,,,,,,,,,,,,,,,,,,,,,,,,,,,,,,,,,,,,,,,,,,,,,,,,,,,,,,,,,,,,,,,,,,,,,,,,,,,,,,,,,,,,,,,,,,,,,,,,,,,,
88,100190.0,,,"Rice flake, medium, powdered, raw",r,,,"Thickness: 0,76 mm; commercial sample A",,"FIB- (analyzed by the enzymatic gravimetric method (Asp et al. 1983)), author confirmed the values are expressed in fresh weight",2007.0,r066,DP,1.1,,,,,,,10.7,89.3,,,,,,,,,,,,,,,,,,,,,,,,,,,,,,,,,,,,9.52,,,,,,,1,,169.8,,,6.86,,,,,215.7,,,,,,,,,,,,,,,,,,,,,,,,,,,,,,,,,,,,,,,,,,,,,,,,,,,,,,,,,,,,,,,,,,,,,,,,,,,,,,,,,,,,,,,,,,,,,,,,,,,,,,,,,,,,,,,,,,,,,,,,,,,,,,,,,,,,,,,,,,,,,,,,,,,,,,,,,,,,,,,,,,,,,,,,,
89,100191.0,,,"Rice flake, thin, powdered, raw",r,,,"Thickness: 0,108 mm; commercial sample A",,"FIB- (analyzed by the enzymatic gravimetric method (Asp et al. 1983)), author confirmed the values are expressed in fresh weight",2007.0,r066,DP,1.1,,,,,,,8.9,91.1,,,,,,,,,,,,,,,,,,,,,,,,,,,,,,,,,,,,7.62,,,,,,,0.9,,186.5,,,4.45,,,,,186.5,,,,,,,,,,,,,,,,,,,,,,,,,,,,,,,,,,,,,,,,,,,,,,,,,,,,,,,,,,,,,,,,,,,,,,,,,,,,,,,,,,,,,,,,,,,,,,,,,,,,,,,,,,,,,,,,,,,,,,,,,,,,,,,,,,,,,,,,,,,,,,,,,,,,,,,,,,,,,,,,,,,,,,,,,
90,100192.0,,,"Rice flake, very thin, powdered, raw",r,,,"Thickness: 0,064 mm; commercial sample A",,"FIB- (analyzed by the enzymatic gravimetric method (Asp et al. 1983)), author confirmed the values are expressed in fresh weight",2007.0,r066,DP,1.1,,,,,,,9.4,90.6,,,,,,,,,,,,,,,,,,,,,,,,,,,,,,,,,,,,6.67,,,,,,,0.5,,155.6,,,4.48,,,,,135.9,,,,,,,,,,,,,,,,,,,,,,,,,,,,,,,,,,,,,,,,,,,,,,,,,,,,,,,,,,,,,,,,,,,,,,,,,,,,,,,,,,,,,,,,,,,,,,,,,,,,,,,,,,,,,,,,,,,,,,,,,,,,,,,,,,,,,,,,,,,,,,,,,,,,,,,,,,,,,,,,,,,,,,,,,
91,100193.0,,,"Rice flake, thick, powdered, raw ",r,,,"Thickness: 1,204 mm; commercial sample B",,"FIB- (analyzed by the enzymatic gravimetric method (Asp et al. 1983)), author confirmed the values are expressed in fresh weight",2007.0,r066,DP,1.1,,,,,,,10.5,89.5,,,,,,,,,,,,,,,,,,,,,,,,,,,,,,,,,,,,8.32,,,,,,,1,,157.6,,,4.47,,,,,260.7,,,,,,,,,,,,,,,,,,,,,,,,,,,,,,,,,,,,,,,,,,,,,,,,,,,,,,,,,,,,,,,,,,,,,,,,,,,,,,,,,,,,,,,,,,,,,,,,,,,,,,,,,,,,,,,,,,,,,,,,,,,,,,,,,,,,,,,,,,,,,,,,,,,,,,,,,,,,,,,,,,,,,,,,,
92,100194.0,,,"Rice flake, medium, powdered, raw",r,,,"Thickness: 0,352 mm; commercial sample B",,"FIB- (analyzed by the enzymatic gravimetric method (Asp et al. 1983)), author confirmed the values are expressed in fresh weight",2007.0,r066,DP,1.1,,,,,,,11.5,88.5,,,,,,,,,,,,,,,,,,,,,,,,,,,,,,,,,,,,8.47,,,,,,,0.9,,106.5,,,5.93,,,,,211.6,,,,,,,,,,,,,,,,,,,,,,,,,,,,,,,,,,,,,,,,,,,,,,,,,,,,,,,,,,,,,,,,,,,,,,,,,,,,,,,,,,,,,,,,,,,,,,,,,,,,,,,,,,,,,,,,,,,,,,,,,,,,,,,,,,,,,,,,,,,,,,,,,,,,,,,,,,,,,,,,,,,,,,,,,
93,100195.0,,,"Rice flake, thin, powdered, raw",r,,,"Thickness:  0,128 mm; commercial sample B",,"FIB- (analyzed by the enzymatic gravimetric method (Asp et al. 1983)), author confirmed the values are expressed in fresh weight",2007.0,r066,DP,1.1,,,,,,,8.9,91.1,,,,,,,,,,,,,,,,,,,,,,,,,,,,,,,,,,,,6.31,,,,,,,0.9,,135.5,,,6.8,,,,,164.8,,,,,,,,,,,,,,,,,,,,,,,,,,,,,,,,,,,,,,,,,,,,,,,,,,,,,,,,,,,,,,,,,,,,,,,,,,,,,,,,,,,,,,,,,,,,,,,,,,,,,,,,,,,,,,,,,,,,,,,,,,,,,,,,,,,,,,,,,,,,,,,,,,,,,,,,,,,,,,,,,,,,,,,,,
94,100196.0,,,"Rice flake, very thin, powdered, raw",r,,,"Thickness: 0,036 mm; commercial sample B",,"FIB- (analyzed by the enzymatic gravimetric method (Asp et al. 1983)), author confirmed the values are expressed in fresh weight",2007.0,r066,DP,1.1,,,,,,,9,91,,,,,,,,,,,,,,,,,,,,,,,,,,,,,,,,,,,,6.42,,,,,,,0.4,,210.9,,,4.33,,,,,111.8,,,,,,,,,,,,,,,,,,,,,,,,,,,,,,,,,,,,,,,,,,,,,,,,,,,,,,,,,,,,,,,,,,,,,,,,,,,,,,,,,,,,,,,,,,,,,,,,,,,,,,,,,,,,,,,,,,,,,,,,,,,,,,,,,,,,,,,,,,,,,,,,,,,,,,,,,,,,,,,,,,,,,,,,,
95,100197.0,,,"Rice flake, thick, powdered, raw ",r,,,"Thickness: 1,098 mm; commercial sample C",,"FIB- (analyzed by the enzymatic gravimetric method (Asp et al. 1983)), author confirmed the values are expressed in fresh weight",2007.0,r066,DP,1.1,,,,,,,11.2,88.8,,,,,,,,,,,,,,,,,,,,,,,,,,,,,,,,,,,,9.51,,,,,,,1,,166,,,7.5,,,,,257.8,,,,,,,,,,,,,,,,,,,,,,,,,,,,,,,,,,,,,,,,,,,,,,,,,,,,,,,,,,,,,,,,,,,,,,,,,,,,,,,,,,,,,,,,,,,,,,,,,,,,,,,,,,,,,,,,,,,,,,,,,,,,,,,,,,,,,,,,,,,,,,,,,,,,,,,,,,,,,,,,,,,,,,,,,
96,100198.0,,,"Rice flake, medium, powdered, raw",r,,,"Thickness: 0,352 mm; commercial sample C",,"FIB- (analyzed by the enzymatic gravimetric method (Asp et al. 1983)), author confirmed the values are expressed in fresh weight",2007.0,r066,DP,1.1,,,,,,,9.9,90.1,,,,,,,,,,,,,,,,,,,,,,,,,,,,,,,,,,,,9.55,,,,,,,1.2,,136.4,,,6.73,,,,,221.5,,,,,,,,,,,,,,,,,,,,,,,,,,,,,,,,,,,,,,,,,,,,,,,,,,,,,,,,,,,,,,,,,,,,,,,,,,,,,,,,,,,,,,,,,,,,,,,,,,,,,,,,,,,,,,,,,,,,,,,,,,,,,,,,,,,,,,,,,,,,,,,,,,,,,,,,,,,,,,,,,,,,,,,,,
97,100199.0,,,"Rice flake, thin, powdered, raw",r,,,"Thickness: 1,11 mm; commercial sample C",,"FIB- (analyzed by the enzymatic gravimetric method (Asp et al. 1983)), author confirmed the values are expressed in fresh weight",2007.0,r066,DP,1.1,,,,,,,9.2,90.8,,,,,,,,,,,,,,,,,,,,,,,,,,,,,,,,,,,,6.22,,,,,,,0.9,,127,,,5.98,,,,,171.3,,,,,,,,,,,,,,,,,,,,,,,,,,,,,,,,,,,,,,,,,,,,,,,,,,,,,,,,,,,,,,,,,,,,,,,,,,,,,,,,,,,,,,,,,,,,,,,,,,,,,,,,,,,,,,,,,,,,,,,,,,,,,,,,,,,,,,,,,,,,,,,,,,,,,,,,,,,,,,,,,,,,,,,,,
98,100200.0,,,"Rice flake, very thin, powdered, raw",r,,,"Thickness: 0,082 mm; commercial sample C",,"FIB- (analyzed by the enzymatic gravimetric method (Asp et al. 1983)), author confirmed the values are expressed in fresh weight",2007.0,r066,DP,1.1,,,,,,,9.7,90.3,,,,,,,,,,,,,,,,,,,,,,,,,,,,,,,,,,,,5.64,,,,,,,1.6,,176.6,,,4.57,,,,,130.2,,,,,,,,,,,,,,,,,,,,,,,,,,,,,,,,,,,,,,,,,,,,,,,,,,,,,,,,,,,,,,,,,,,,,,,,,,,,,,,,,,,,,,,,,,,,,,,,,,,,,,,,,,,,,,,,,,,,,,,,,,,,,,,,,,,,,,,,,,,,,,,,,,,,,,,,,,,,,,,,,,,,,,,,,
99,100201.0,,,"Rice flake, thick, powdered, raw ",r,,,"Thickness: 1,17 mm; commercial sample D",,"FIB- (analyzed by the enzymatic gravimetric method (Asp et al. 1983)), author confirmed the values are expressed in fresh weight",2007.0,r066,DP,1.1,,,,,,,9.6,90.4,,,,,,,,,,,,,,,,,,,,,,,,,,,,,,,,,,,,11.5,,,,,,,1.5,,150.5,,,4.63,,,,,430.3,,,,,,,,,,,,,,,,,,,,,,,,,,,,,,,,,,,,,,,,,,,,,,,,,,,,,,,,,,,,,,,,,,,,,,,,,,,,,,,,,,,,,,,,,,,,,,,,,,,,,,,,,,,,,,,,,,,,,,,,,,,,,,,,,,,,,,,,,,,,,,,,,,,,,,,,,,,,,,,,,,,,,,,,,
100,100202.0,,,"Rice flake, medium, powdered, raw",r,,,"Thickness: 1,224 mm; commercial sample D",,"FIB- (analyzed by the enzymatic gravimetric method (Asp et al. 1983)), author confirmed the values are expressed in fresh weight",2007.0,r066,DP,1.1,,,,,,,11.4,88.6,,,,,,,,,,,,,,,,,,,,,,,,,,,,,,,,,,,,10.21,,,,,,,0.5,,155.7,,,3.38,,,,,319.5,,,,,,,,,,,,,,,,,,,,,,,,,,,,,,,,,,,,,,,,,,,,,,,,,,,,,,,,,,,,,,,,,,,,,,,,,,,,,,,,,,,,,,,,,,,,,,,,,,,,,,,,,,,,,,,,,,,,,,,,,,,,,,,,,,,,,,,,,,,,,,,,,,,,,,,,,,,,,,,,,,,,,,,,,
101,100203.0,,,"Rice flake, thin, powdered, raw",r,,,"Thickness: 0,132 mm; commercial sample D",,"FIB- (analyzed by the enzymatic gravimetric method (Asp et al. 1983)), author confirmed the values are expressed in fresh weight",2007.0,r066,DP,1.1,,,,,,,11,89,,,,,,,,,,,,,,,,,,,,,,,,,,,,,,,,,,,,7.97,,,,,,,0.7,,145.7,,,4.21,,,,,229.7,,,,,,,,,,,,,,,,,,,,,,,,,,,,,,,,,,,,,,,,,,,,,,,,,,,,,,,,,,,,,,,,,,,,,,,,,,,,,,,,,,,,,,,,,,,,,,,,,,,,,,,,,,,,,,,,,,,,,,,,,,,,,,,,,,,,,,,,,,,,,,,,,,,,,,,,,,,,,,,,,,,,,,,,,
102,100204.0,,,"Rice flake, very thin, powdered, raw",r,,,"Thickness: 0,058 mm; commercial sample D",,"FIB- (analyzed by the enzymatic gravimetric method (Asp et al. 1983)), author confirmed the values are expressed in fresh weight",2007.0,r066,DP,1.1,,,,,,,11.2,88.8,,,,,,,,,,,,,,,,,,,,,,,,,,,,,,,,,,,,6.47,,,,,,,0.5,,171.8,,,5.21,,,,,153.6,,,,,,,,,,,,,,,,,,,,,,,,,,,,,,,,,,,,,,,,,,,,,,,,,,,,,,,,,,,,,,,,,,,,,,,,,,,,,,,,,,,,,,,,,,,,,,,,,,,,,,,,,,,,,,,,,,,,,,,,,,,,,,,,,,,,,,,,,,,,,,,,,,,,,,,,,,,,,,,,,,,,,,,,,
103,100205.0,,,"Rice, parboiled, raw",r,,,"Brand:Flora, Fino Ribe, Type: il classico, Size: 26.4 Â± 3.2 mm3",,Values expressed as moist mass of uncooked product- assumed fresh weight.,2000.0,r069,MS,1.1,,,,,,,11.9,,,,,,,,,7.2,,,,,,,,,,,,,,,,,,,,,,,,,,,,,,,,,,,0.7,,,,,,,,,,,,,,,,,,,,,,,,,,,,,,,,,,,,,,,,,,,,,,,,,,,,,,,,,,,,,,,,,,,,,,,,,,,,,,,,,,,,,,,,,,,,,,,,,,,,,,,,,,,,,,,,,,,,,,,,,,,,,,,,,,,,,,,,,,,,,,,,,,,,,,,,,,,,,,,,,,,,,,,,,,,,,,,,,,,
104,100206.0,,,"Rice, Arbolio, raw",r,,,"Brand: San Marco, Type: Superfino, Size: 37.4 Â± 5.6 mm3",,Values expressed as moist mass of uncooked product- assumed fresh weight.,2000.0,r069,MS,1.1,,,,,,,12.8,,,,,,,,,7,,,,,,,,,,,,,,,,,,,,,,,,,,,,,,,,,,,0.6,,,,,,,,,,,,,,,,,,,,,,,,,,,,,,,,,,,,,,,,,,,,,,,,,,,,,,,,,,,,,,,,,,,,,,,,,,,,,,,,,,,,,,,,,,,,,,,,,,,,,,,,,,,,,,,,,,,,,,,,,,,,,,,,,,,,,,,,,,,,,,,,,,,,,,,,,,,,,,,,,,,,,,,,,,,,,,,,,,,
105,100207.0,"Philippines, Manila",,"Rice, brown, raw",r,,"Dry season 1989: IR 65, IR 24, IR 64, IR 8, IR 30 and IR 36. Wet season 1989: IR 72","Composite sample of the varieties IR 65, IR 24, IR 64, IR 8, IR 30, IR 36 and IR 72",7,The author confirmed the mineral values in % could be converted to mg/100g,1991.0,r047,DP/MS,1.1,,,,,,,,,5.95,1.62,,,,9.64,,,,,,,,,,,,,,,,,,,,,,,,,,,,,,,,,,,,,1.56,,10,,0.47,1.24,380,1.66,130,,380,,2.24,6000,,,,34,,,,,,,,150,,,,,,,,,,,,,,,,,,,,,,,,,,,,,,,,,,0.32,0.098,,,,,,,,,,,,,,,,,,,,,,,,,,,,,,,,,,,,,,,,,,,,,,,,,,,,,,,,,,,,,,,,,,,,,,,,,,,,,,,,,,,,,,,,,,,,,,,,,,,,,,,,,,,,,,,,,,,41,,,,
106,100208.0,"Philippines, Manila",,"Rice, milled, raw",r,,"Dry season 1989: IR 65, IR 24, IR 64, IR 8, IR 30 and IR 36. Wet season 1989: IR 72","Composite sample of the varieties IR 65, IR 24, IR 64, IR 8, IR 30, IR 36 and IR 72",7,The author confirmed the mineral values in % could be converted to mg/100g,1991.0,r047,DP/MS,1.1,,,,,,,,,5.95,1.48,,,,8.81,,,,,,,,,,,,,,,,,,,,,,,,,,,,,,,,,,,,,0.66,,6,,0.52,0.9,210,0.84,58,,210,,1.64,6000,,,,31,,,,,,,,140,,,,,,,,,,,,,,,,,,,,,,,,,,,,,,,,,,0.046,0.05,,,,,,,,,,,,,,,,,,,,,,,,,,,,,,,,,,,,,,,,,,,,,,,,,,,,,,,,,,,,,,,,,,,,,,,,,,,,,,,,,,,,,,,,,,,,,,,,,,,,,,,,,,,,,,,,,,,15,,,,
107,100209.0,"Indonesia, Ujung Pandang, South Sulawesi",,"Rice, brown, raw",r,,1981,"Composite sample of varieties Gati, Gemar, IR32, IR44. Sulphur deficient soil without Sulfur amelioration ",,Table 2 not entered because on dry matter basis and no water content given,1987.0,r055,DP/MS,1.1,,,,,,,,,,,,,,,,9.3,,,,,,,,,,,,,,,,,,,,,,,,,,,,,,,,,,,,,,,,,,,,,,,,,,,,,,,,,,,,,,,,,,,,,,,,,,,,,,,,,,,,,,,,,,,,,,,,,,,,,,,,,,,,,,,,,,,,,,,,,,,,,,,,,,,,,,,,,,,,,,,,,,,,,,,,,,,,,,,,,,,,,,,,,,372,,,,,,,,,,,,,,,,,,,,,,,,,,,,,,,,,,,,,,,,,,,,
108,100210.0,"Indonesia, Ujung Pandang, South Sulawesi",,"Rice, brown, raw",r,,1981,"Composite sample of varieties Gati, Gemar, IR32, IR44. Sulphur deficient soil with Sulfur amelioration ",,Table 2 not entered because on dry matter basis and no water content given,1987.0,r055,DP/MS,1.1,,,,,,,,,,,,,,,,9.2,,,,,,,,,,,,,,,,,,,,,,,,,,,,,,,,,,,,,,,,,,,,,,,,,,,,,,,,,,,,,,,,,,,,,,,,,,,,,,,,,,,,,,,,,,,,,,,,,,,,,,,,,,,,,,,,,,,,,,,,,,,,,,,,,,,,,,,,,,,,,,,,,,,,,,,,,,,,,,,,,,,,,,,,,,404.79999999999995,,,,,,,,,,,,,,,,,,,,,,,,,,,,,,,,,,,,,,,,,,,,
109,100211.0,"Indonesia, Ujung Pandang, South Sulawesi",,"Rice, brown, raw",r,,1985,"Composite samples of varieties Barito, Cisdane, IR30, IR36, IR54, IR9729-67-3 and IR13420-32-4. Sulphur deficient soil without Sulfur amelioration ",,Table 2 not entered because on dry matter basis and no water content given,1987.0,r055,DP/MS,1.1,,,,,,,,,,,,,,,,8.3,,,,,,,,,,,,,,,,,,,,,,,,,,,,,,,,,,,,,,,,,,,,,,,,,,,,,,,,,,,,,,,,,,,,,,,,,,,,,,,,,,,,,,,,,,,,,,,,,,,,,,,,,,,,,,,,,,,,,,,,,,,,,,,,,,,,,,,,,,,,,,,,,,,,,,,,,,,,,,,,,,,,,,,,,,348.6000000000001,,,,,,,,,,,,,,,,,,,,,,,,,,,,,,,,,,,,,,,,,,,,
110,100212.0,"Indonesia, Ujung Pandang, South Sulawesi",,"Rice, brown, raw",r,,1985,"Composite samples of varieties Barito, Cisdane, IR30, IR36, IR54, IR9729-67-3 and IR13420-32-4. Sulphur deficient soil +50kg/ha Sulfur",,Table 2 not entered because on dry matter basis and no water content given,1987.0,r055,DP/MS,1.1,,,,,,,,,,,,,,,,8,,,,,,,,,,,,,,,,,,,,,,,,,,,,,,,,,,,,,,,,,,,,,,,,,,,,,,,,,,,,,,,,,,,,,,,,,,,,,,,,,,,,,,,,,,,,,,,,,,,,,,,,,,,,,,,,,,,,,,,,,,,,,,,,,,,,,,,,,,,,,,,,,,,,,,,,,,,,,,,,,,,,,,,,,,344,,,,,,,,,,,,,,,,,,,,,,,,,,,,,,,,,,,,,,,,,,,,
111,100213.0,"Philippines, Los Baá¿os, Laguna",,"Rice, brown, raw",r,,,"Composite sample of varieties IR42, IR54, IR56, IR60, IR64 and Syntha. Sulphur deficient soil, 1ppm Sulfur amelioration",,Table 2 not entered because on dry matter basis and no water content given,1987.0,r055,DP/MS,1.1,,,,,,,,,,,,,,,,10.4,,,,,,,,,,,,,,,,,,,,,,,,,,,,,,,,,,,,,,,,,,,,,,,,,,,,,,,,,,,,,,,,,,,,,,,,,,,,,,,,,,,,,,,,,,,,,,,,,,,,,,,,,,,,,,,,,,,,,,,,,,,,,,,,,,,,,,,,,,,,,,,,,,,,,,,,,,,,,,,,,,,,,,,,,,405.6,,,,,,,,,,,,,,,,,,,,,,,,,,,,,,,,,,,,,,,,,,,,
112,100214.0,"Philippines, Los Baá¿os, Laguna",,"Rice, brown, raw",r,,,"Composite sample of varieties IR42, IR54, IR56, IR60, IR64 and Syntha. Sulphur deficient soil, 10ppm Sulfur amelioration",,Table 2 not entered because on dry matter basis and no water content given,1987.0,r055,DP/MS,1.1,,,,,,,,,,,,,,,,8.1,,,,,,,,,,,,,,,,,,,,,,,,,,,,,,,,,,,,,,,,,,,,,,,,,,,,,,,,,,,,,,,,,,,,,,,,,,,,,,,,,,,,,,,,,,,,,,,,,,,,,,,,,,,,,,,,,,,,,,,,,,,,,,,,,,,,,,,,,,,,,,,,,,,,,,,,,,,,,,,,,,,,,,,,,,348.29999999999995,,,,,,,,,,,,,,,,,,,,,,,,,,,,,,,,,,,,,,,,,,,,
