,Food Item ID,"Country, region",Food name in own language,Food name in English,Processing,Species/Subspecies,Season,Other,n,Comments on data processing/methods,Publication year,Biblioid ,Compiler ID,Latest Revision in Version,ENERC(kJ) (original),ENERC(kcal) (original),WATER(g),XN,NT(g),PROTCNT(g),PROT-(g),FATCE(g),FAT-(g),CHOAVLDF(g),CHOCDF(g),CHO-(g),STARCH(g),STARCH-(g),AMYS(g),SUGAR(g),SUGRD(g),SUGNRD(g),FIBTG(g),FIBAD(g),FIBND(g),FIBC(g),FIB-(g),FIBINS(g),FIBSOL(g),CELLU(g),MUCIL(g),ASH(g),CA(mg),CLD(mg),CR(mcg),CU(mg),FE(mg),K(mg),MG(mg),MN(mg),NA(mg),NI(mcg),P(mg),RB(mg),S(mg),ZN(mg),PB(mcg),NITRA(mg),NITRI(mg),VITA_RAE(mcg),VITA(mcg),VITA-(mcg),VITA-(IU),CARTBEQ(mcg),CAROT(mcg),CARTA(mcg),CARTB(mcg),CRYPX(mcg),CRYPXB(mcg) ,ANTHX(mcg),LUTN(mcg),LYCPN(mcg),NEOX(mcg),VIOLX(mcg),ZEA(mcg),CARTOID(mcg),VITE(mg),TOCPHA(mg),VITK(mcg),THIA(mg),RIBF(mg),NIAEQ(mg),NIA(mg),NIATRP(mg),NIA-(mg),FOL(mcg),VITC(mg),ASCL(mg),ASCDL(mg),FRUS(g),GLUS(g),SUCS(g),ALA(mg),ARG(mg),ASN(mg),ASP(mg),CYS(mg),GLN(mg),GLU(mg),GLY(mg),HIS(mg),ILE(mg),LEU(mg),LYS(mg),MET(mg),PHE(mg),PRO(mg),SER(mg),THR(mg),TRP(mg),TYR(mg),VAL(mg),FUMAC(mg),MALAC(mg),OXALAC(mg),PHYTCPPI(mg),PHYTCPPD(mg),PHYTCPP(mg),PHYTC-(mg),PPI(mg),PPD(mg),PP-(mg),XP,IP3(mg),IP4(mg),IP5(mg),IP6(mg),IP5_A_IP6 (mg),IP4_A_IP5_A_IP6(mg),IPSUM (mg),PHYT-,Unnamed: 131,Unnamed: 132,Unnamed: 133,Unnamed: 134,Unnamed: 135,Unnamed: 136,Unnamed: 137,Unnamed: 138,Unnamed: 139,SALAC(mg),TARAC(mg),ANTCYAN(mcg),CAFFAC(mg),CHLRAC(mg),CATEC(mcg),CINAC(mg),CITAC(mg),EPICATEC(mcg),FLAVD(mcg),FLAVO(mg),FERAC(mg),GALLAC(mg),PCHOUAC(mg),SINPAC(mg),SYRAC(mg),VANAC(mg),TAN(mg),GLYALK(mg),SOLAA(mg),CYAN(mcg),PSACNSS(g),PSACNSI(g),PHENAC_CAE(mg),CARTBCIS(mcg),STARES(g),PH,LIGN(g),HEMCEL(g),NIATRP(mg).1,Unnamed: 170,Unnamed: 171,Unnamed: 172,Unnamed: 173,Unnamed: 174,Unnamed: 175,Unnamed: 176,Unnamed: 177,Unnamed: 178,Unnamed: 179,Unnamed: 180,Unnamed: 181,Unnamed: 182,Unnamed: 183,Unnamed: 184,Unnamed: 185,Unnamed: 186,Unnamed: 187,Unnamed: 188,Unnamed: 189,Unnamed: 190,Unnamed: 191,Unnamed: 192,Unnamed: 193,Unnamed: 194,Unnamed: 195,Unnamed: 196,Unnamed: 197,Unnamed: 198,Unnamed: 199,Unnamed: 200,Unnamed: 201,Unnamed: 202,Unnamed: 203,Unnamed: 204,Unnamed: 205,Unnamed: 206,Unnamed: 207,Unnamed: 208,Unnamed: 209,Unnamed: 210,Unnamed: 211,Unnamed: 212,Unnamed: 213,Unnamed: 214,Unnamed: 215,Unnamed: 216,Unnamed: 217,Unnamed: 218,Unnamed: 219,Unnamed: 220,Unnamed: 221,Unnamed: 222,Unnamed: 223,Unnamed: 224,Unnamed: 225,Unnamed: 226,Unnamed: 227,Unnamed: 228,Unnamed: 229,Unnamed: 230,Unnamed: 231,Unnamed: 232,Unnamed: 233,Unnamed: 234,Unnamed: 235,Unnamed: 236,Unnamed: 237,Unnamed: 238,Unnamed: 239,Unnamed: 240,Unnamed: 241,Unnamed: 242,Unnamed: 243,Unnamed: 244,Unnamed: 245,Unnamed: 246,Unnamed: 247,Unnamed: 248,Unnamed: 249,Unnamed: 250,Unnamed: 251,Unnamed: 252
0,,sampling place,,,"r: raw, d: dried, p: processed",,sampling season,additional information on factors influencing the nutrient composition,number of independent analytical samples,,,,,,,,,,,,,,,,,,,,,,,,,,,,,,,,,,,,,,,,,,,,,,,,,,,,,,,,,,,,,,,,,,,,,alpha-tocopherol,,,,"niacin equivalents, total","niacin, preformed",niacin equivalents from tryptophan,,,,,,,,,,,,,,,,,,,,,,,,,,,,,,,,"phytic acid, determined by indirect preciptation","phytic acid, determined by direct preciptation","phytic acid, calc. from phytate phosphorus, anion exchange method","phytic acid, calc. from phytate phosphorus, method unk.","phytate phosphorus, determined by indirect preciptation","phytate phosphorus, determined by direct preciptation","phytate phosphorus, method unk.",convertion factor for phytate phosphorus,inositol triphosphate,inositol tetraphosphate,inositol pentaphosphate,inositol hexaphosphate,inositol penta+hexaphosphate,inositol tetra+penta+hexaphosphate,total inositol phosphates (sum of all fractions),"phytic acid, unk. or variable",,,,,,,,,,,,,,,,,,,,,,,,,,,,,,,"polysaccharides, non-starch, water-soluble","polysaccharides, non-starch, water-insoluble",,,,,,,,,,,,,,,,,,,,,,,,,,,,,,,,,,,,,,,,,,,,,,,,,,,,,,,,,,,,,,,,,,,,,,,,,,,,,,,,,,,,,,,,,,
1,,,,,,,,,,,,,,,2.0,2.0,2.0,2.0,2.0,2.0,2.0,2.0,2.0,2.0,2.0,2.0,2.0,,,,2.0,2.0,2.0,,,2.0,2.0,2.0,2.0,,,2.0,2.0,,,2.0,2.0,2.0,2.0,2.0,2.0,,2.0,,,2.0,,,,,2.0,,,,,,02,,,,,,,,,2.0,,,,2.0,2.0,,02,,2.0,,2.0,2.0,,,2.0,2.0,,,,,,,,,,,,,,,,,,,,,,,,,,,,,,,,,,,,,,,,,,,,,,,,,,,,,,,,,,,,,,,,,,,,,2.0,02,02,,2.0,2.0,2.0,,,,,,,,,,,,,,,,,,,,,,,,,,,,,,,,,,,,,,,,,,,,,,,,,,,,,,,,,,,,,,,,,,,,,,,,,,,,,,,,,,,,,,
2,202010.0,"Nigeria, Ibadan region, Akobo, Alegongo",,"Cassava, tuber, peel removed, raw",r,"Manihot esculenta, Crantz",,peeled and cut into small pieces,,,2010.0,tu2,MS,1.1,,140.5,65.3,6.25,,0.9,,0.3,,32.6,,,,,,,,,,,,0.5,,,,,,0.4,25.0,,,,1.7,166.6,12.5,,,,57.3,,,2.1,,,,,,,,,,,,,,,,,,,,,,,,,,,,,,,,,,,,,,,,,,,,,,,,,,,,,,,,,,,,,,,,,,,,,,,,,,,,,,,,,,,,,,,,,,,,,,,,,,,,,,,,,,,,,,,,,,,,,,,,,,,,,,,,,,,,,,,,,,,,,,,,,,,,,,,,,,,,,,,,,,,,,,,,,,,,,,,,,,,,,,,,,,,,,,,,,,,,,
3,202011.0,"Nigeria, Ibadan region, Akobo, Alegongo",Gari,"Cassava, Gari, fermented for 2 days",p,"Manihot esculenta, Crantz",,fermented for 2 days,,possible error in sodium values(not compiled),2010.0,tu2,MS,1.1,,340.746,6.9,6.25,,1.3964999999999999,,0.5585999999999999,,81.27629999999999,,,,,,,,,,,,1.4896,,,,,,1.9550999999999998,17.3166,,,,0.8379000000000001,260.0283,12.103,,,,9.961699999999999,,,2.6998999999999995,,,,,,,,,,,,,,,,,,,,,,,,,,,,,,,,,,,,,,,,,,,,,,,,,,,,,,,,,,,,,,,,,,,,,,,,,,,,,,,,,,,,,,,,,,,,,,,,,,,,,,,,,,,,,,,,,,,,,,,,,,,,,,,,,,,,,,,,,,,,,,,,,,,,,,,,,,,,,,,,,,,,,,,,,,,,,,,,,,,,,,,,,,,,,,,,,,,,,
4,202012.0,"Nigeria, Ibadan region, Akobo, Alegongo",Gari,"Cassava, Gari, fermented for 3 days",p,"Manihot esculenta, Crantz",,fermented for 3 days,,possible error in sodium values(not compiled),2010.0,tu2,MS,1.1,,347.06,6.2,6.25,,1.2194,,0.5628,,82.9192,,,,,,,,,,,,1.4069999999999998,,,,,,1.876,14.9142,,,,0.938,219.96099999999998,8.8172,,,,9.7552,,,2.345,,,,,,,,,,,,,,,,,,,,,,,,,,,,,,,,,,,,,,,,,,,,,,,,,,,,,,,,,,,,,,,,,,,,,,,,,,,,,,,,,,,,,,,,,,,,,,,,,,,,,,,,,,,,,,,,,,,,,,,,,,,,,,,,,,,,,,,,,,,,,,,,,,,,,,,,,,,,,,,,,,,,,,,,,,,,,,,,,,,,,,,,,,,,,,,,,,,,,
5,202013.0,"Nigeria, Ibadan region, Akobo, Alegongo",Gari,"Cassava, Gari,fermented for 3 days, market",p,"Manihot esculenta, Crantz",,market gari fermented for 3 days,,possible error in sodium values(not compiled),2010.0,tu2,MS,1.1,,326.69,9.0,6.25,,1.729,,0.728,,76.71300000000001,,,,,,,,,,,,1.456,,,,,,2.184,19.838,,,,1.183,281.554,12.467,,,,9.1,,,2.912,,,,,,,,,,,,,,,,,,,,,,,,,,,,,,,,,,,,,,,,,,,,,,,,,,,,,,,,,,,,,,,,,,,,,,,,,,,,,,,,,,,,,,,,,,,,,,,,,,,,,,,,,,,,,,,,,,,,,,,,,,,,,,,,,,,,,,,,,,,,,,,,,,,,,,,,,,,,,,,,,,,,,,,,,,,,,,,,,,,,,,,,,,,,,,,,,,,,,
6,202014.0,"Nigeria, Ibadan region, Akobo, Alegongo",Eba,"Cassava, Eba, fermented for 3 days, boiled ",p,"Manihot esculenta, Crantz",,prepared from 3 days fermented gari boiled in water(100 Â°C ),,possible error in sodium values(not compiled),2010.0,tu2,MS,1.1,,207.888,26.8,6.25,,1.0248,,0.5124,,48.897600000000004,,,,,,,,,,,,1.1712,,,,,,1.9764000000000002,16.6164,,,,0.9516,235.77720000000002,11.053199999999999,,,,6.807600000000001,,,2.562,,,,,,,,,,,,,,,,,,,,,,,,,,,,,,,,,,,,,,,,,,,,,,,,,,,,,,,,,,,,,,,,,,,,,,,,,,,,,,,,,,,,,,,,,,,,,,,,,,,,,,,,,,,,,,,,,,,,,,,,,,,,,,,,,,,,,,,,,,,,,,,,,,,,,,,,,,,,,,,,,,,,,,,,,,,,,,,,,,,,,,,,,,,,,,,,,,,,,
7,202015.0,"Nigeria, Ibadan region, Akobo, Alegongo",Abacha,"Cassava, Abacha, noodle",p,"Manihot esculenta, Crantz",,dry abacha,,possible error in sodium values(not compiled),2010.0,tu2,MS,1.1,,329.875,9.0,6.25,,1.456,,0.455,,79.17,,,,,,,,,,,,0.91,,,,,,0.8190000000000001,54.054,,,,3.2760000000000002,335.79,17.198999999999998,,,,117.936,,,4.4590000000000005,,,,,,,,,,,,,,,,,,,,,,,,,,,,,,,,,,,,,,,,,,,,,,,,,,,,,,,,,,,,,,,,,,,,,,,,,,,,,,,,,,,,,,,,,,,,,,,,,,,,,,,,,,,,,,,,,,,,,,,,,,,,,,,,,,,,,,,,,,,,,,,,,,,,,,,,,,,,,,,,,,,,,,,,,,,,,,,,,,,,,,,,,,,,,,,,,,,,,
8,202016.0,"Nigeria, Ibadan region, Akobo, Alegongo",Abacha,"Cassava, Abacha, noodle",p,"Manihot esculenta, Crantz",,dry market  abacha,,possible error in sodium values(not compiled),2010.0,tu2,MS,1.1,,342.8918,7.8,6.25,,1.6596000000000002,,0.6454,,81.5048,,,,,,,,,,,,0.7376,,,,,,0.461,50.9866,,,,2.5816,331.55120000000005,16.5038,,,,128.9878,,,3.4114000000000004,,,,,,,,,,,,,,,,,,,,,,,,,,,,,,,,,,,,,,,,,,,,,,,,,,,,,,,,,,,,,,,,,,,,,,,,,,,,,,,,,,,,,,,,,,,,,,,,,,,,,,,,,,,,,,,,,,,,,,,,,,,,,,,,,,,,,,,,,,,,,,,,,,,,,,,,,,,,,,,,,,,,,,,,,,,,,,,,,,,,,,,,,,,,,,,,,,,,,
9,202017.0,"Nigeria, Ibadan region, Akobo, Alegongo",Abacha,"Cassava, Abacha, noodle",p,"Manihot esculenta, Crantz",,rehydrated abacha,,possible error in sodium values(not compiled),2010.0,tu2,MS,1.1,,318.5287,11.1,6.25,,0.7112,,0.4445,,76.6318,,,,,,,,,,,,0.7112,,,,,,0.6223,39.5605,,,,1.778,221.53879999999998,7.912100000000001,,,,86.233,,,3.2004,,,,,,,,,,,,,,,,,,,,,,,,,,,,,,,,,,,,,,,,,,,,,,,,,,,,,,,,,,,,,,,,,,,,,,,,,,,,,,,,,,,,,,,,,,,,,,,,,,,,,,,,,,,,,,,,,,,,,,,,,,,,,,,,,,,,,,,,,,,,,,,,,,,,,,,,,,,,,,,,,,,,,,,,,,,,,,,,,,,,,,,,,,,,,,,,,,,,,
10,202018.0,"Nigeria, Ibadan region, Akobo, Alegongo",,"Cassava, fermentedfor 3 days, flour",p,"Manihot esculenta, Crantz",,fermented cassava flour for 3 days,,possible error in sodium values(not compiled),2010.0,tu2,MS,1.1,,314.484,12.4,6.25,,2.2776,,0.7884,,71.13119999999999,,,,,,,,,,,,1.9272,,,,,,0.6132,47.5668,,,,2.5404,383.688,25.316399999999998,,,,125.88119999999999,,,5.080799999999999,,,,,,,,,,,,,,,,,,,,,,,,,,,,,,,,,,,,,,,,,,,,,,,,,,,,,,,,,,,,,,,,,,,,,,,,,,,,,,,,,,,,,,,,,,,,,,,,,,,,,,,,,,,,,,,,,,,,,,,,,,,,,,,,,,,,,,,,,,,,,,,,,,,,,,,,,,,,,,,,,,,,,,,,,,,,,,,,,,,,,,,,,,,,,,,,,,,,,
11,202019.0,"Nigeria, Ibadan region, Akobo, Alegongo",,"Cassava, fermented for 4 days, flour",p,"Manihot esculenta, Crantz",,4 days fermented flour,,possible error in sodium values(not compiled),2010.0,tu2,MS,1.1,,306.05100000000004,13.3,6.25,,2.1675,,1.0404,,69.62010000000001,,,,,,,,,,,,1.4739000000000002,,,,,,0.867,45.084,,,,2.7744,375.8445,26.270100000000003,,,,122.1603,,,4.681800000000001,,,,,,,,,,,,,,,,,,,,,,,,,,,,,,,,,,,,,,,,,,,,,,,,,,,,,,,,,,,,,,,,,,,,,,,,,,,,,,,,,,,,,,,,,,,,,,,,,,,,,,,,,,,,,,,,,,,,,,,,,,,,,,,,,,,,,,,,,,,,,,,,,,,,,,,,,,,,,,,,,,,,,,,,,,,,,,,,,,,,,,,,,,,,,,,,,,,,,
12,202020.0,"Nigeria, Ibadan region, Akobo, Alegongo",Fufu,"Cassava, Fufu, fermented for 4days ",p,"Manihot esculenta, Crantz",,fufu from 4 days fermented flour,,possible error in sodium values(not compiled),2010.0,tu2,MS,1.1,,237.12,24.0,6.25,,1.5959999999999999,,0.6080000000000001,,53.808,,,,,,,,,,,,1.368,,,,,,0.38,25.156000000000002,,,,1.596,259.92,15.048,,,,91.80799999999999,,,3.1919999999999997,,,,,,,,,,,,,,,,,,,,,,,,,,,,,,,,,,,,,,,,,,,,,,,,,,,,,,,,,,,,,,,,,,,,,,,,,,,,,,,,,,,,,,,,,,,,,,,,,,,,,,,,,,,,,,,,,,,,,,,,,,,,,,,,,,,,,,,,,,,,,,,,,,,,,,,,,,,,,,,,,,,,,,,,,,,,,,,,,,,,,,,,,,,,,,,,,,,,,
13,202021.0,"Nigeria, Ibadan region, Akobo, Alegongo",Fufu,"Cassava, Fufu, fermented for 4 days, market ",p,"Manihot esculenta, Crantz",,market fufu fermented for 4 days ,,possible error in sodium values(not compiled),2010.0,tu2,MS,1.1,,235.29,24.1,6.25,,1.3662,,0.5313,,54.1167,,,,,,,,,,,,1.2903,,,,,,0.30360000000000004,28.234800000000003,,,,1.2903,239.085,11.840399999999999,,,,85.2357,,,3.1878,,,,,,,,,,,,,,,,,,,,,,,,,,,,,,,,,,,,,,,,,,,,,,,,,,,,,,,,,,,,,,,,,,,,,,,,,,,,,,,,,,,,,,,,,,,,,,,,,,,,,,,,,,,,,,,,,,,,,,,,,,,,,,,,,,,,,,,,,,,,,,,,,,,,,,,,,,,,,,,,,,,,,,,,,,,,,,,,,,,,,,,,,,,,,,,,,,,,,
14,202022.0,"Nigeria, Ibadan region, Akobo, Alegongo",Lafun,"Cassava, Lafun, fermented for 2 days, flour",p,"Manihot esculenta, Crantz",,2 days fermented lafun,,possible error in sodium values(not compiled),2010.0,tu2,MS,1.1,,333.06,9.0,6.25,,1.6380000000000001,,0.91,,77.532,,,,,,,,,,,,0.91,,,,,,1.82,57.967000000000006,,,,3.913,473.2091,31.85,,,,138.32,,,6.097,,,,,,,,,,,,,,,,,,,,,,,,,,,,,,,,,,,,,,,,,,,,,,,,,,,,,,,,,,,,,,,,,,,,,,,,,,,,,,,,,,,,,,,,,,,,,,,,,,,,,,,,,,,,,,,,,,,,,,,,,,,,,,,,,,,,,,,,,,,,,,,,,,,,,,,,,,,,,,,,,,,,,,,,,,,,,,,,,,,,,,,,,,,,,,,,,,,,,
15,202023.0,"Nigeria, Ibadan region, Akobo, Alegongo",Lafun,"Cassava, Lafun, fermented for 3 days, flour",p,"Manihot esculenta, Crantz",,3 days fermented lafun,,possible error in sodium values(not compiled),2010.0,tu2,MS,1.1,,317.19599999999997,10.9,6.25,,1.4256,,0.8019,,74.66579999999999,,,,,,,,,,,,0.8019,,,,,,1.6928999999999998,52.3908,,,,2.5839,381.0807,24.5916,,,,125.0073,,,5.345999999999999,,,,,,,,,,,,,,,,,,,,,,,,,,,,,,,,,,,,,,,,,,,,,,,,,,,,,,,,,,,,,,,,,,,,,,,,,,,,,,,,,,,,,,,,,,,,,,,,,,,,,,,,,,,,,,,,,,,,,,,,,,,,,,,,,,,,,,,,,,,,,,,,,,,,,,,,,,,,,,,,,,,,,,,,,,,,,,,,,,,,,,,,,,,,,,,,,,,,,
16,202024.0,"Nigeria, Ibadan region, Akobo, Alegongo",Lafun,"Cassava, Lafun, fermented for 3 days, market, flour",p,"Manihot esculenta, Crantz",,3 days fermented market lafun,,possible error in sodium values(not compiled),2010.0,tu2,MS,1.1,,309.582,11.8,6.25,,1.3230000000000002,,0.5292,,73.64699999999999,,,,,,,,,,,,0.7056,,,,,,1.5876000000000001,44.364599999999996,,,,2.1168,330.66179999999997,20.991600000000002,,,,118.9818,,,4.6746,,,,,,,,,,,,,,,,,,,,,,,,,,,,,,,,,,,,,,,,,,,,,,,,,,,,,,,,,,,,,,,,,,,,,,,,,,,,,,,,,,,,,,,,,,,,,,,,,,,,,,,,,,,,,,,,,,,,,,,,,,,,,,,,,,,,,,,,,,,,,,,,,,,,,,,,,,,,,,,,,,,,,,,,,,,,,,,,,,,,,,,,,,,,,,,,,,,,,
17,202025.0,"Nigeria, Ibadan region, Akobo, Alegongo",Amala,"Cassava, Amala, fermented for 3 days, paste ",p,"Manihot esculenta, Crantz",,stired the 3days fermented lafun flour with boiled water,,possible error in sodium values(not compiled),2010.0,tu2,MS,1.1,,210.392,27.2,6.25,,1.8928,,1.1648,,46.8104,,,,,,,,,,,,1.0191999999999999,,,,,,2.1111999999999997,26.4992,,,,1.092,211.9936,11.648,,,,78.40559999999999,,,2.8391999999999995,,,,,,,,,,,,,,,,,,,,,,,,,,,,,,,,,,,,,,,,,,,,,,,,,,,,,,,,,,,,,,,,,,,,,,,,,,,,,,,,,,,,,,,,,,,,,,,,,,,,,,,,,,,,,,,,,,,,,,,,,,,,,,,,,,,,,,,,,,,,,,,,,,,,,,,,,,,,,,,,,,,,,,,,,,,,,,,,,,,,,,,,,,,,,,,,,,,,,
18,202026.0,"Malawi, Zomba district",,"Sweet potato, boiled",p,Ipomoea batatas,"February/March, 1987",,,data are expresesd in edile portion ,1989.0,tu3,MS,1.1,,,76.0,,,,,,,,,,,,,,,,,,,,,,,,,,19.0,,,0.2,,302.0,11.0,0.12,10.0,,38.0,,,0.2,,,,,,,,,,,,,,,,,,,,,,,,,,,,,,,,,,,,,,,,,,,,,,,,,,,,,,,,,,,,,,,,,,,,,,,,,,,,,,,,,,,,,,,,,,,,,,,,,,,,,,,,,,,,,,,,,,,,,,,,,,,,,,,,,,,,,,,,,,,,,,,,,,,,,,,,,,,,,,,,,,,,,,,,,,,,,,,,,,,,,,,,,,,,,,,,,,,,,
19,202027.0,"Malawi, Zomba district",,"Cassava, tuber, boiled ",p,Manihot esculenta,"February/March, 1987",,,data are expresesd in edile portion ,1989.0,tu3,MS,1.1,,,63.0,,,,,,,,,,,,,,,,,,,,,,,,,,26.0,,,0.2,,263.0,22.0,0.28,7.0,,43.0,,,0.6,,,,,,,,,,,,,,,,,,,,,,,,,,,,,,,,,,,,,,,,,,,,,,,,,,,,,,,,,,,,,,,,,,,,,,,,,,,,,,,,,,,,,,,,,,,,,,,,,,,,,,,,,,,,,,,,,,,,,,,,,,,,,,,,,,,,,,,,,,,,,,,,,,,,,,,,,,,,,,,,,,,,,,,,,,,,,,,,,,,,,,,,,,,,,,,,,,,,,
20,202028.0,"Papua New Guinea, East Sepik, Kaugia Kinjingini",,"Yams, raw",r,Dioscorea alata,"February/March, 1987",,,data are expresesd in edile portion ,1989.0,tu3,MS,1.1,,,74.0,,,,,,,,,,,,,,,,,,,,,,,,,,5.0,,,0.14,,572.0,22.0,0.03,6.0,,53.0,,,0.25,,,,,,,,,,,,,,,,,,,,,,,,,,,,,,,,,,,,,,,,,,,,,,,,,,,,,,,,,,,,,,,,,,,,,,,,,,,,,,,,,,,,,,,,,,,,,,,,,,,,,,,,,,,,,,,,,,,,,,,,,,,,,,,,,,,,,,,,,,,,,,,,,,,,,,,,,,,,,,,,,,,,,,,,,,,,,,,,,,,,,,,,,,,,,,,,,,,,,
21,202029.0,"Papua New Guinea, East Sepik, Kaugia Kinjingini",,Yam(mami),r,D. esculenta,"February/March, 1987",,,data are expresesd in edile portion ,1989.0,tu3,MS,1.1,,,73.0,,,,,,,,,,,,,,,,,,,,,,,,,,8.0,,,0.25,,315.0,32.0,0.06,1.0,,39.0,,,0.48,,,,,,,,,,,,,,,,,,,,,,,,,,,,,,,,,,,,,,,,,,,,,,,,,,,,,,,,,,,,,,,,,,,,,,,,,,,,,,,,,,,,,,,,,,,,,,,,,,,,,,,,,,,,,,,,,,,,,,,,,,,,,,,,,,,,,,,,,,,,,,,,,,,,,,,,,,,,,,,,,,,,,,,,,,,,,,,,,,,,,,,,,,,,,,,,,,,,,
22,202030.0,"Papua New Guinea, East Sepik, Kaugia Kinjingini",,"Taro, raw",r,Colocasia esculenta,"February/March, 1987",,,data are expresesd in edile portion ,1989.0,tu3,MS,1.1,,,66.0,,,,,,,,,,,,,,,,,,,,,,,,,,17.0,,,0.24,,410.0,36.0,0.21,5.0,,65.0,,,0.58,,,,,,,,,,,,,,,,,,,,,,,,,,,,,,,,,,,,,,,,,,,,,,,,,,,,,,,,,,,,,,,,,,,,,,,,,,,,,,,,,,,,,,,,,,,,,,,,,,,,,,,,,,,,,,,,,,,,,,,,,,,,,,,,,,,,,,,,,,,,,,,,,,,,,,,,,,,,,,,,,,,,,,,,,,,,,,,,,,,,,,,,,,,,,,,,,,,,,
23,202031.0,"Papua New Guinea, East Sepik, Kaugia Kinjingini",,"Sweet potato, raw",r,Ipomoea batatas,"February/March, 1987",,,data are expresesd in edile portion ,1989.0,tu3,MS,1.1,,,68.0,,,,,,,,,,,,,,,,,,,,,,,,,,30.0,,,0.18,,443.0,24.0,0.13,46.0,,57.0,,,0.3,,,,,,,,,,,,,,,,,,,,,,,,,,,,,,,,,,,,,,,,,,,,,,,,,,,,,,,,,,,,,,,,,,,,,,,,,,,,,,,,,,,,,,,,,,,,,,,,,,,,,,,,,,,,,,,,,,,,,,,,,,,,,,,,,,,,,,,,,,,,,,,,,,,,,,,,,,,,,,,,,,,,,,,,,,,,,,,,,,,,,,,,,,,,,,,,,,,,,
24,202032.0,"Malawi, Zomba district",Chinangwe,"Cassava, tuber, boiled ",p,"Manihot esculenta, Crantz (Euphorb.)",,,,4 foods collected and pooled; tagname for phytate was updated on version 2.0,1988.0,tu4,MS,2.0,,,63.0,,,,,,,,,,,,,,,,,,,,,,,,,,26.0,,,,,,,,,,,,,0.6,,,,,,,,,,,,,,,,,,,,,,,,,,,,,,,,,,,,,,,,,,,,,,,,,,,,,,,,,,,,,59,,,,,,,,,,,,,,,,,,,,,,,,,,,,,,,,,,,,,,,,,,,,,,,,,,,,,,,,,,,,,,,,,,,,,,,,,,,,,,,,,,,,,,,,,,,,,,,,,,,,,,,,,,,,,,,,,,,,,,,,,,,,,,,,,,,,,,,,
25,202033.0,"Ghana, Greater Accra and Eastern",,"Cassava,tuber, boiled",p,Manihot sp.,"May-Dec,1989",26 foods collected and pooled,,PSACNSS and PSACNSI determined by Englyst method; tagname for phytate was updated on version 2.0,1993.0,tu5,MS,2.0,,,65.0,,,,,,,,,,,,,,,,,,,,,,,,,,18.0,,,0.05,,,,0.11,,,,,,0.3,,,,,,,,,,,,,,,,,,,,,,,,,,,,,,,,,,,,,,,,,,,,,,,,,,,,,,,,,,,,,,,,,,,,,,,,,,,54,,,,,,,,,,,,,,,,,,,,,,,,,,,,,,,1.2,1.1,,,,,,,,,,,,,,,,,,,,,,,,,,,,,,,,,,,,,,,,,,,,,,,,,,,,,,,,,,,,,,,,,,,,,,,,,,,,,,,,,,,,,,,,,,
26,202034.0,"Ghana, Greater Accra and Eastern",,"Cassava, dough, fermented ",p,Manihot sp.,"May-Dec,1989",13 foods collected and pooled,,PSACNSS and PSACNSI determined by Englyst method; tagname for phytate was updated on version 2.0,1993.0,tu5,MS,2.0,,,51.0,,,,,,,,,,,,,,,,,,,,,,,,,,30.0,,,0.07,,,,0.16,,,,,,0.4,,,,,,,,,,,,,,,,,,,,,,,,,,,,,,,,,,,,,,,,,,,,,,,,,,,,,,,,,,,,,,,,,,,,,,,,,,,48,,,,,,,,,,,,,,,,,,,,,,,,,,,,,,,0.3,2.1,,,,,,,,,,,,,,,,,,,,,,,,,,,,,,,,,,,,,,,,,,,,,,,,,,,,,,,,,,,,,,,,,,,,,,,,,,,,,,,,,,,,,,,,,,
27,202035.0,"Brazil, Aracaju-SE",Jari,"Cassava, Jari, tuber, yellow fleshed, peeled, raw ",r,"Manihot esculenta, Crantz cv. BRS Jari",,havested 12 months after seeding,3,CHO values seems wrong(not compiled),2013.0,tu7,MS,1.1,,,68.0,3.24,0.14,0.46,,,0.6,,,,,,,,,,,,,,,,,,,0.8,,,,,,,,,,,,,,,,,,,,,,,,,36.32,,,,,,,,,52.160000000000004,,,,,,,,,,,,,,,,,,,,,,,,,,,,,,,,,,,,,,,,,,,,,,,,,,,,,,,,,,,,,,,,,,,,,,,,,,,,,,,,,,,,,,,,,15.968,,,,,,,,,,,,,,,,,,,,,,,,,,,,,,,,,,,,,,,,,,,,,,,,,,,,,,,,,,,,,,,,,,,,,,,,,,,,,,,,,,,,,,,,
28,202036.0,"Brazil, Aracaju-SE",Jari,"Cassava, Jari, tuber, yellow fleshed, peeled, boiled",r,"Manihot esculenta, Crantz cv. BRS Jari",,havested 12 months after seeding. boiled in a pressure cooker(120 C) for 45 minutes. ,3,CHO values seems wrong(not compiled),2013.0,tu7,MS,1.1,,,73.0,3.24,0.1,0.33,,,0.5,,,,,,,,,,2.4,,,,,,,,,0.4,,,,,,,,,,,,,,,,,,,,,,,,,20.817,,,,,,,,,41.31,,,,,,,,,,,,,,,,,,,,,,,,,,,,,,,,,,,,,,,,,,,,,,,,,,,,,,,,,,,,,,,,,,,,,,,,,,,,,,,,,,,,,,,,,20.412,,,,,,,,,,,,,,,,,,,,,,,,,,,,,,,,,,,,,,,,,,,,,,,,,,,,,,,,,,,,,,,,,,,,,,,,,,,,,,,,,,,,,,,,
29,202037.0,"Brazil, Aracaju-SE",Jari,"Cassava, Jari, tuber, yellow fleshed, peeled, fried ",r,"Manihot esculenta, Crantz cv. BRS Jari",,havested 12 months after seeding. soybean oil was used for frying.,3, CHO values seems wrong(not compiled),2013.0,tu7,MS,1.1,,,52.4,3.24,0.16,0.53,,,11.1,,,,,,,,,,3.4,,,,,,,,,0.7,,,,,,,,,,,,,,,,,,,,,,,,,74.97,,,,,,,,,142.79999999999998,,,,,,,,,,,,,,,,,,,,,,,,,,,,,,,,,,,,,,,,,,,,,,,,,,,,,,,,,,,,,,,,,,,,,,,,,,,,,,,,,,,,,,,,,67.83,,,,,,,,,,,,,,,,,,,,,,,,,,,,,,,,,,,,,,,,,,,,,,,,,,,,,,,,,,,,,,,,,,,,,,,,,,,,,,,,,,,,,,,,
30,202038.0,"Costa Rica,Fortuna and Pital, San Carlos, Huetar North region",Yuca,"Cassava, tuber, peeled,boiled",p,"Manihot esculenta, Euphorbiaceae",,boiled for 20 minutes,20,,2004.0,tu13,MS,1.1,,114.0,71.2,,,0.5,,0.1,,25.8,27.7,,24.1,,,,,,1.9,,,,,1.6,0.4,,,,,,,,,,,,,,,,,,,,,,,,,,,,,,,,,,,,,,,,,,,,,,,,,,,,,,,,,,,,,,,,,,,,,,,,,,,,,,,,,,,,,,,,,,,,,,,,,,,,,,,,,,,,,,,,,,,,,,,,,,,,,,,0.2,,,,,,,,,,,,,,,,,,,,,,,,,,,,,,,,,,,,,,,,,,,,,,,,,,,,,,,,,,,,,,,,,,,,,,,,,,,,,,,,,,,,,,,
31,202039.0,"Costa Rica,La Rita de Guapiles, Huetar Atlantica region",Name,"Yam, tuber, peeled, boiled",p,"Dioscorea alata,Dioscoreaceae",,boiled for 15 minutes,20,,2004.0,tu13,MS,1.1,,98.0,77.0,,,2.3,,0.1,,17.6,19.9,,17.1,,,,,,2.3,,,,,2.0,0.2,,,,,,,,,,,,,,,,,,,,,,,,,,,,,,,,,,,,,,,,,,,,,,,,,,,,,,,,,,,,,,,,,,,,,,,,,,,,,,,,,,,,,,,,,,,,,,,,,,,,,,,,,,,,,,,,,,,,,,,,,,,,,,,0.4,,,,,,,,,,,,,,,,,,,,,,,,,,,,,,,,,,,,,,,,,,,,,,,,,,,,,,,,,,,,,,,,,,,,,,,,,,,,,,,,,,,,,,,
32,202040.0,"Costa Rica,Pital de San Carlos",Tiquisque,"Cocoyam/tannia, tuber, peeled, boiled ",p,"Xantosoma sp, Araceae",,boiled for 18 minutes,20,,2004.0,tu13,MS,1.1,,99.0,74.5,,,1.3,,0.1,,20.7,23.2,,19.0,,,,,,2.5,,,,,2.2,0.3,,,,,,,,,,,,,,,,,,,,,,,,,,,,,,,,,,,,,,,,,,,,,,,,,,,,,,,,,,,,,,,,,,,,,,,,,,,,,,,,,,,,,,,,,,,,,,,,,,,,,,,,,,,,,,,,,,,,,,,,,,,,,,,0.4,,,,,,,,,,,,,,,,,,,,,,,,,,,,,,,,,,,,,,,,,,,,,,,,,,,,,,,,,,,,,,,,,,,,,,,,,,,,,,,,,,,,,,,
33,202041.0,"Nigeria,Iie-Ife, Osun State",,"Cassava,tuber, peeled,  sun-dried chips",p,"Manihot esculenta, Crantz",,harvested at 10-12 months. Sun-dried at 32 degree with 55% humidity for 3 days,,the data are expressed in FW according to the author( sum of proximates is 100g),2013.0,tu14,MS,1.1,,,11.9,6.25,,1.3,,1.34,,81.37,,,,,,,,,,,,2.58,,,,,,,,,,,,,,,,,,,,,,,,,,,,,,,,,,,,,,,,,,,,,,,,,,,,,,,,,,,,,,,,,,,,,,,,,,,,,,,,,,,,,,,,,,,,,,,,,,,,,,,,,,,,,,,,,,,,,,,,,,,,,583.0,,,,,,5.8,,,,,,,,,,,,,,,,,,,,,,,,,,,,,,,,,,,,,,,,,,,,,,,,,,,,,,,,,,,,,,,,,,,,,,,,,,,,,,,,,,,,,,
34,202042.0,"Nigeria,Iie-Ife, Osun State",,"Cassava,tuber, peeled, oven-dried, 50 degree",p,"Manihot esculenta, Crantz",,harvested at 10-12 months. oven-dried at 50 degree for 48hours,,the data are expressed in FW according to the author( sum of proximates is 100g),2013.0,tu14,MS,1.1,,,12.11,6.25,,2.56,,1.47,,79.21,,,,,,,,,,,,2.79,,,,,,,,,,,,,,,,,,,,,,,,,,,,,,,,,,,,,,,,,,,,,,,,,,,,,,,,,,,,,,,,,,,,,,,,,,,,,,,,,,,,,,,,,,,,,,,,,,,,,,,,,,,,,,,,,,,,,,,,,,,,,641.0,,,,,,6.7,,,,,,,,,,,,,,,,,,,,,,,,,,,,,,,,,,,,,,,,,,,,,,,,,,,,,,,,,,,,,,,,,,,,,,,,,,,,,,,,,,,,,,
35,202043.0,"Nigeria,Iie-Ife, Osun State",,"Cassava,tuber, peeled, oven-dried, 70 degree",p,"Manihot esculenta, Crantz",,harvested at 10-12 months. oven-dried at 70 degree for 48hours,,the data are expressed in FW according to the author( sum of proximates is 100g),2013.0,tu14,MS,1.1,,,10.24,6.25,,1.51,,1.4,,82.08,,,,,,,,,,,,2.72,,,,,,,,,,,,,,,,,,,,,,,,,,,,,,,,,,,,,,,,,,,,,,,,,,,,,,,,,,,,,,,,,,,,,,,,,,,,,,,,,,,,,,,,,,,,,,,,,,,,,,,,,,,,,,,,,,,,,,,,,,,,,698.0,,,,,,6.2,,,,,,,,,,,,,,,,,,,,,,,,,,,,,,,,,,,,,,,,,,,,,,,,,,,,,,,,,,,,,,,,,,,,,,,,,,,,,,,,,,,,,,
36,202044.0,Fiji,,"Cassava, tuber, peeled, raw,",r,Manihot esculenta,,,1,the sum of moisture and macronutrients is 99.4g. Assumed it's fresh weight basis,2006.0,tu17,MS,1.1,,,60.4,6.25,,0.7,,,0.5,,,35.7,,,,,,,1.5,,,,,,,,,0.6,,,,,,,,,,,,,,,,,,,,,,,,,,,,,,,,,,,,,,,,,,,,,,,,,,,,,,,,,,,,,,,,,,,,,,,,,,,,,,,,,,,,,,,,,,,,,,,,,,,,,,,,,,,,,,,,,,,,,,,,,,,,,,,,,,,,,,,,,,,,,,,,,,,,,,,,,,,,,,,,,,,,,,,,,,,,,,,,,,,,,,,,,,,,,,,,,,,,,,,,,,,,,,,,,,,
37,202045.0,Fiji,,"Cassava, tuber, peeled, earth oven",p,Manihot esculenta,,cooked for 1h15 min,1,the sum of moisture and macronutrients is 99.4g. Assumed it's fresh weight basis,2006.0,tu17,MS,1.1,,,58.9,6.25,,0.8,,,0.5,,,37.8,,,,,,,2.8,,,,,,,,,0.7,,,,,,,,,,,,,,,,,,,,,,,,,,,,,,,,,,,,,,,,,,,,,,,,,,,,,,,,,,,,,,,,,,,,,,,,,,,,,,,,,,,,,,,,,,,,,,,,,,,,,,,,,,,,,,,,,,,,,,,,,,,,,,,,,,,,,,,,,,,,,,,,,,,,,,,,,,,,,,,,,,,,,,,,,,,,,,,,,,,,,,,,,,,,,,,,,,,,,,,,,,,,,,,,,,,
38,202046.0,Fiji,,"Cassava, tuber, peeled, boiled",p,Manihot esculenta,,,1,the sum of moisture and macronutrients is 99.4g. Assumed it's fresh weight basis,2006.0,tu17,MS,1.1,,,67.5,6.25,,0.6,,,0.4,,,28.9,,,,,,,1.4,,,,,,,,,0.5,,,,,,,,,,,,,,,,,,,,,,,,,,,,,,,,,,,,,,,,,,,,,,,,,,,,,,,,,,,,,,,,,,,,,,,,,,,,,,,,,,,,,,,,,,,,,,,,,,,,,,,,,,,,,,,,,,,,,,,,,,,,,,,,,,,,,,,,,,,,,,,,,,,,,,,,,,,,,,,,,,,,,,,,,,,,,,,,,,,,,,,,,,,,,,,,,,,,,,,,,,,,,,,,,,,
39,202047.0,Nigeria,Achicha,"Cassava, tuber, peeled,chips",p,Manihot utilissima Pohl,,dried in sun until brittle,,original data in DM converted to FW,,tu22,MS,1.1,1424.43,340.452,11.8,,,,1.79928,,,,,,,,,,1.28772,,4.29534,,,,,,,,,1.8080999999999998,,,,,,,,,,,,,,,,,,,,,,,,,,,,,,,,,,,,,,,,,,,,,,,,,74.84652,3.5368199999999996,,,,,,,,,,,,,,,,,,,,,,,,,,,,,,,,,,,,,,,,,,,,,,,,,,,,,,,,,,,,,,,,,,,,,,,,,,,,,,,,,,,,,,,,,,,,,,,,,,,,,,,,,,,,,,,,,,,,,,,,,,,,,,,,,,,,,,,,,,,,,,,,,,,,,,,,,,,,,,,,,
40,202048.0,Nigeria,Starch,"Cassava, tuber, peeled, starch",p,Manihot utilissima Pohl,,the mash was mixed with water and sieved through a cloth. The upper layer was scrapped off and resultant was dried in the sun,,original data in DM converted to FW,,tu22,MS,1.1,1536.3,367.2,10.0,,,,0.369,,,,,,,,,,0.0,,0.36000000000000004,,,,,,,,,0.45,,,,,,,,,,,,,,,,,,,,,,,,,,,,,,,,,,,,,,,,,,,,,,,,,85.644,0.027,,,,,,,,,,,,,,,,,,,,,,,,,,,,,,,,,,,,,,,,,,,,,,,,,,,,,,,,,,,,,,,,,,,,,,,,,,,,,,,,,,,,,,,,,,,,,,,,,,,,,,,,,,,,,,,,,,,,,,,,,,,,,,,,,,,,,,,,,,,,,,,,,,,,,,,,,,,,,,,,,
41,202049.0,Nigeria,Lafu,"Cassava, tuber, peeled, flour",p,Manihot utilissima Pohl,,soaked in water for 4 days  dried in the sun,,original data in DM converted to FW,,tu22,MS,1.1,1439.68,344.08,12.0,,,,1.3288,,,,,,,,,,3.3792,,3.7575999999999996,,,,,,,,,1.5752,,,,,,,,,,,,,,,,,,,,,,,,,,,,,,,,,,,,,,,,,,,,,,,,,77.1848,2.4992,,,,,,,,,,,,,,,,,,,,,,,,,,,,,,,,,,,,,,,,,,,,,,,,,,,,,,,,,,,,,,,,,,,,,,,,,,,,,,,,,,,,,,,,,,,,,,,,,,,,,,,,,,,,,,,,,,,,,,,,,,,,,,,,,,,,,,,,,,,,,,,,,,,,,,,,,,,,,,,,,
42,202050.0,Nigeria,Akpu,"Cassava, tuber, boiled",p,Manihot utilissima Pohl,,"boiled in water and sliced into thin shreds, then dried in the sun",,original data in DM converted to FW,,tu22,MS,1.1,1586.2050000000002,379.053,9.1,,,,0.8271900000000001,,,,,,,,,,0.18180000000000002,,3.76326,,,,,,,,,0.5454,,,,,,,,,,,,,,,,,,,,,,,,,,,,,,,,,,,,,,,,,,,,,,,,,76.06512000000001,1.32714,,,,,,,,,,,,,,,,,,,,,,,,,,,,,,,,,,,,,,,,,,,,,,,,,,,,,,,,,,,,,,,,,,,,,,,,,,,,,,,,,,,,,,,,,,,,,,,,,,,,,,,,,,,,,,,,,,,,,,,,,,,,,,,,,,,,,,,,,,,,,,,,,,,,,,,,,,,,,,,,,
43,202051.0,Nigeria,Fufu,"Cassava, tuber,peeled, fermented, mash",p,Manihot utilissima Pohl,,soaked in water for 4days.The central fibrous shaft of the pulp was removed. Dired in the sun.,,original data in DM converted to FW,,tu22,MS,1.1,1436.2956,343.1454,8.98,,,,2.330112,,,,,,,,,,0.445998,,3.622596,,,,,,,,,1.59285,,,,,,,,,,,,,,,,,,,,,,,,,,,,,,,,,,,,,,,,,,,,,,,,,76.620636,1.9205219999999998,,,,,,,,,,,,,,,,,,,,,,,,,,,,,,,,,,,,,,,,,,,,,,,,,,,,,,,,,,,,,,,,,,,,,,,,,,,,,,,,,,,,,,,,,,,,,,,,,,,,,,,,,,,,,,,,,,,,,,,,,,,,,,,,,,,,,,,,,,,,,,,,,,,,,,,,,,,,,,,,,
44,202052.0,Nigeria,Pukuru,"Cassava, tuber,peeled, fermented, smoked",p,Manihot utilissima Pohl,,soaked in water for 7 days.The central fibrous shaft were removed.,,original data in DM converted to FW,,tu22,MS,1.1,1440.198,344.317,10.1,,,,3.30832,,,,,,,,,,0.5124299999999999,,3.47913,,,,,,,,,2.5711399999999998,,,,,,,,,,,,,,,,,,,,,,,,,,,,,,,,,,,,,,,,,,,,,,,,,73.81689,1.13274,,,,,,,,,,,,,,,,,,,,,,,,,,,,,,,,,,,,,,,,,,,,,,,,,,,,,,,,,,,,,,,,,,,,,,,,,,,,,,,,,,,,,,,,,,,,,,,,,,,,,,,,,,,,,,,,,,,,,,,,,,,,,,,,,,,,,,,,,,,,,,,,,,,,,,,,,,,,,,,,,
45,202053.0,Nigeria,Gari,"Cassava, tuber,peeled, fermented, grated",p,Manihot utilissima Pohl,,pressure was applied for 3-4days in a jute bag.Dried in sun,,original data in DM converted to FW,,tu22,MS,1.1,1352.809,323.4199,10.41,,,,1.281137,,,,,,,,,,0.367319,,2.848962,,,,,,,,,1.406563,,,,,,,,,,,,,,,,,,,,,,,,,,,,,,,,,,,,,,,,,,,,,,,,,79.457371,0.53754,,,,,,,,,,,,,,,,,,,,,,,,,,,,,,,,,,,,,,,,,,,,,,,,,,,,,,,,,,,,,,,,,,,,,,,,,,,,,,,,,,,,,,,,,,,,,,,,,,,,,,,,,,,,,,,,,,,,,,,,,,,,,,,,,,,,,,,,,,,,,,,,,,,,,,,,,,,,,,,,,
46,202054.0,Nigeria,Kpokpo gari,"Cassava, tuber, peeled,fermented, grated",p,Manihot utilissima Pohl,,the mash was mixed with water and pressur was applied to eliminate some starch. Dried in sun.,,original data in DM converted to FW,,tu22,MS,1.1,1065.6000000000001,254.70000000000002,10.0,,,,1.026,,,,,,,,,,0.09000000000000001,,11.412,,,,,,,,,4.824000000000001,,,,,,,,,,,,,,,,,,,,,,,,,,,,,,,,,,,,,,,,,,,,,,,,,64.06200000000001,0.18000000000000002,,,,,,,,,,,,,,,,,,,,,,,,,,,,,,,,,,,,,,,,,,,,,,,,,,,,,,,,,,,,,,,,,,,,,,,,,,,,,,,,,,,,,,,,,,,,,,,,,,,,,,,,,,,,,,,,,,,,,,,,,,,,,,,,,,,,,,,,,,,,,,,,,,,,,,,,,,,,,,,,,
47,202055.0,Fiji,,"Cassava, tuber, peeled, raw,",r,Manihot esculenta,,,1,macronutrient values are in tu17. Assumed FW as the same values as in 2nd South Pacific FCT,2006.0,tu27,MS,1.1,,,,,,,,,,,,,,,,,,,,,,,,,,,,,,,,,,,,,,,,,,,,,,,0.0,,,,,,<5,,,,,,,,,,,,,0.04,0.02,,0.4,,,,36.0,,,,,,,,,,,,,,,,,,,,,,,,,,,,,,,,,,,,,,,,,,,,,,,,,,,,,,,,,,,,,,,,,,,,,,,,,,,,,,,,,,,,,,,,,,,,,,,,,,,,,,,,,,,,,,,,,,,,,,,,,,,,,,,,,,,,,,,,,,,,,,,,,,,,,,,,,,,,,,,,,,,,,,
48,202056.0,Fiji,,"Cassava, tuber, peeled, earth oven",p,Manihot esculenta,,cooked for 1h15 min,1,macronutrient values are in tu17. Assumed FW as the same values as in 2nd South Pacific FCT,2006.0,tu27,MS,1.1,,,,,,,,,,,,,,,,,,,,,,,,,,,,,,,,,,,,,,,,,,,,,,,,,,,,,,,,,,,,,,,,,,0.0,0.0,,0.4,,,,31.0,,,,,,,,,,,,,,,,,,,,,,,,,,,,,,,,,,,,,,,,,,,,,,,,,,,,,,,,,,,,,,,,,,,,,,,,,,,,,,,,,,,,,,,,,,,,,,,,,,,,,,,,,,,,,,,,,,,,,,,,,,,,,,,,,,,,,,,,,,,,,,,,,,,,,,,,,,,,,,,,,,,,,,
49,202057.0,Fiji,,"Cassava, tuber, peeled, boiled",p,Manihot esculenta,,,1,macronutrient values are in tu17. Assumed FW as the same values as in 2nd South Pacific FCT,2006.0,tu27,MS,1.1,,,,,,,,,,,,,,,,,,,,,,,,,,,,,,,,,,,,,,,,,,,,,,,,,,,,,,,,,,,,,,,,,,,0.02,,<0.02,,0.3,,,15.0,,,,,,,,,,,,,,,,,,,,,,,,,,,,,,,,,,,,,,,,,,,,,,,,,,,,,,,,,,,,,,,,,,,,,,,,,,,,,,,,,,,,,,,,,,,,,,,,,,,,,,,,,,,,,,,,,,,,,,,,,,,,,,,,,,,,,,,,,,,,,,,,,,,,,,,,,,,,,,,,,,,,,
50,202058.0,"Tanzania, Tanga region, Tanga district",,"Cassava, flour, fermented in solid state",p,,,Milled into flour without prior removal of mould,,,2000.0,tu11,MS,1.1,14.2,,,6.25,,2.2222199999999996,,,,,,,68.8116,,,,,5.28528,,,,,,,,,,,,,,,,,,,,,,,,,,,,,,,,,,,,,,,,,,,,,,,,,,,,,,,9.017579999999999,,,,,,,,,,,,,,,,,,,,,,,,,,,,,,,,,,,,,,,,,,,,,,,,,,,,,,,,,,,,,,,,,,,,,,,,,,,,,,,,5.21,,,,,,,,,,,,,,,,,,,,,,,,,,,,,,,,,,,,,,,,,,,,,,,,,,,,,,,,,,,,,,,,,,,,,,,,,,,,,,,,,,,,,,
51,202059.0,"Tanzania, Mwanza region, Ukerewe",,"Cassava, flour, fermented in solid state",p,,,Mould is scraped off before milling into flour,,,2000.0,tu11,MS,1.1,13.59,,,6.25,,1.9183020000000002,,,,,,,67.57262,,,,,5.996854,,,,,,,,,,,,,,,,,,,,,,,,,,,,,,,,,,,,,,,,,,,,,,,,,,,,,,,7.267081,,,,,,,,,,,,,,,,,,,,,,,,,,,,,,,,,,,,,,,,,,,,,,,,,,,,,,,,,,,,,,,,,,,,,,,,,,,,,,,,5.27,,,,,,,,,,,,,,,,,,,,,,,,,,,,,,,,,,,,,,,,,,,,,,,,,,,,,,,,,,,,,,,,,,,,,,,,,,,,,,,,,,,,,,
52,202060.0,"Tanzania, Tanga region, Muheza district",,"Cassava, flour, wet-fermented",p,,,,,,2000.0,tu11,MS,1.1,13.67,,,6.25,,0.6388419999999999,,,,,,,61.72595,,,,,2.5899,,,,,,,,,,,,,,,,,,,,,,,,,,,,,,,,,,,,,,,,,,,,,,,,,,,,,,,5.4301569999999995,,,,,,,,,,,,,,,,,,,,,,,,,,,,,,,,,,,,,,,,,,,,,,,,,,,,,,,,,,,,,,,,,,,,,,,,,,,,,,,,4.29,,,,,,,,,,,,,,,,,,,,,,,,,,,,,,,,,,,,,,,,,,,,,,,,,,,,,,,,,,,,,,,,,,,,,,,,,,,,,,,,,,,,,,
53,202061.0,"Sri Lanka, Gannoruwa ",Rathu bathala,"Sweet potato, red, unpeeled, raw",r,Ipomoea batatas (L.) Lam. ,,harvested,3,DM converted to WB,2014.0,br26,SW/SL,1.1,81.11,,,,,,0.549699,,0.629037,,,,,,,,,,,,,,1.290187,,,,,0.183233,,,,,,,,,,,,,,,,,,,,,,,,,,,,,,,,,,,,,,,,,,,,,,,,,,,,,,,,,,,,,,,,,,,,,,,,,,,,,,,,,,,,,,,,,,,,,,,,,,,,,,,,,,,,,,,,,,,,,,,,,,,,,,,,,,,,,,,,,,,,,,,,,,,,,,,,,,,,,,,,,,,,,,,,,,,,,,,,,,,,,,,,,,,,,,,,,,,,,,,,,,,,,,,,,,,
54,202062.0,"Sri Lanka, Gannoruwa",Kaha bathala,"Sweet potato, yellow, unpeeled, raw",r,Ipomoea batatas (L.) Lam. ,,harvested,3,DM converted to WB,2014.0,br26,SW/SL,1.1,72.8,,,,,,1.2104000000000001,,0.7262400000000001,,,,,,,,,,,,,,2.5132800000000004,,,,,0.8921600000000001,,,,,,,,,,,,,,,,,,,,,,,,,,,,,,,,,,,,,,,,,,,,,,,,,,,,,,,,,,,,,,,,,,,,,,,,,,,,,,,,,,,,,,,,,,,,,,,,,,,,,,,,,,,,,,,,,,,,,,,,,,,,,,,,,,,,,,,,,,,,,,,,,,,,,,,,,,,,,,,,,,,,,,,,,,,,,,,,,,,,,,,,,,,,,,,,,,,,,,,,,,,,,,,,,,,
