,FoodID,Food name in own language,Food name in English,Processing,Species/Subspecies,Cultivar/Variety/Accession Name,Other,Comments on data processing/methods,Publication year,Biblioid ,ENERC(kJ) (original),ENERC(kcal) (original),WATER(g),DM(g),XN,NT(g),PROTCNT(g),FAT(g),FAT-(g),CHOAVLDF(g),CHOCDF(g),CHOAVL(g),CHOAVLM(g),STARCH(g),STARCHM(g),FIBTG(g),NSP(g),ASH(g),CA(mg),CLD(mg),CR(mcg),CU(mg),FE(mg),ID(mg),K(mg),MG(mg),MN(mg),MO(mcg),NA(mg),NI(mcg),P(mg),SE(mcg),ZN(mg),AS(mcg),CD(mcg),HG(mcg),PB(mcg),BIOT(mcg),THIA(mg),THIAHCL(mg),RIBF(mg),NIA(mg),NIATRP(mg),NIAEQ(mg),PANTAC(mg),VITB6A(mg),VITB6C(mg),VITB6-(mg),VITB12(mcg),VITC(mg),ASCL(mg) ,FOL(mcg),FOLAC(mcg),FOLFD(mcg),FOLFRE(mcg),FOLDFE(mcg),FOLH4ME5(mcg),VITA(mcg),VITA_RAE(mcg),VITA(IU) ,RETOL(mcg),RETOLEQ(mcg),CARTBEQ(mcg),CARTA(mcg),CARTB(mcg),CRYPX(mcg),CRYPXB(mcg),LYCPN(mcg),LUTNZEA(mcg),VITD(mcg),VITD(IU) ,CHOCAL(mcg),VITE(mg),TOCPHA(mg),VITK1(mcg),SUGAR(g),SUGARM(g),CELLU(g),LIGN(g),FRUSM(g),GLUSM(g),SUCSM(g),GALSM(g),MALSM(g),LACSM(g),CHOLE(mg),FACID(g),FASAT(g),FAMS(g),FAPU(g),FATRN(g),FAN3(g),FAN6(g),FAPUN3(g),FAPUN6(g),F4D0(g),F6D0(g),F8D0(g),F10D0(g),F12D0(g),F14D0(g),F16D0(g),F18D0(g),F16D1N7(g),F18D1N9(g),F20D1N11(g),F24D1N9(g),F18D2N6(g),F18D3N3(g),F18D4N3(g),F20D4N6(g),F21D5N3(g),F22D5N3(g),F22D6N3(g),ALA(mg),ARG(mg),ASP(mg),CYS(mg),GLU(mg),GLY(mg),HIS(mg),ILE(mg),LEU(mg),LYS(mg),MET(mg),PHE(mg),PRO(mg),SER(mg),THR(mg),TRP(mg),TYR(mg),VAL(mg)
0,Food Item ID,,,"r: raw, d: dried, p: processed",,,additional information on factors influencing the nutrient composition,,,,"energy, total metabolizable; calculated from the energy-producing food components (original as from source)","energy, total metabolizable; calculated from the energy-producing food components (original as from source)",water,dry matter,conversion factor to calculate total protein from nitrogen ,"nitrogen, tot.","protein, total; calculated from total nitrogen ","fat, total",fat; method of determination unknown or mixed methods,"carbohydrate, available; calculated by difference","carbohydrate, total; calculated by difference",CHO avl. Weight,CHO avl. monosacch. eq.,"starch, total","starch, total; monosacch. eq","fibre, total dietary; determined gravimetrically by the AOAC total dietary fibre method (Prosky and similar methods)","polysaccharides, non-starch (Englyst method)",ash,calcium,chloride,chromium,copper,"iron, total",iodine,potassium,magnesium,manganese,molybdenum,sodium,nickel,phosphorus,selenium,zink,arsenic,cadmium,,lead,biotin,thiamin,vit B1 analysed and expressed as thiamin hydrochloride,riboflavin,"niacin, preformed",niacin eq from tryptophan,niacin eq,Vit B5,"vit B6; total, determined and expressed as pyridoxine",vitamin B6; calc.,vitamin B6 unk.,Vit B12,vitamin C ,L‐ascorbic acid,"folate, tot.",folic acid (synthetic),"food folates, microbiological assay","folate, free","Folate, DFE",5-Methyltetrahydrofolate,Vit. A RE,Vit. A RAE,"Vitamin A, International Unit",retinol,all-trans retinol equivalent,b-carot. eq.,"a-carot., all-trans","b-carot., all-trans","cryptoxanthin, total",all-trans beta-cryptoxanthin,lycopene,lutein+Zeaxanthin,Vit D+2D3,"Vitamin D, International Unit",Cholecalciferol (D3),Vit E a-tocoph. eq.,a-tocopherol,vita K-1,"sugars, tot.","sugars, tot. monosacch. Eq",cellulose,lignin,fructose; monosacch. eq,glucose; monosacch. eq,sucrose; monosacch. eq,galactose; monosacch. Eq,maltose; monosacch. eq,lactose; monosacch. eq,cholesterol; enzym. or chromatograph. ,"FA, total","fatty acids, total saturated","fatty acids, total monounsaturated","fatty acids, total polyunsaturated","fatty acids, total trans","FA, n-3","FA, n-6","FAPU, n-3","FAPU, n-6",fatty acid 4:0,fatty acid 6:0,fatty acid 8:0,fatty acid 10:0,fatty acid 12:0,fatty acid 14:0,fatty acid 16:0,fatty acid 18:0,FA 16:1 n-7,FA 18:1 n-9,FA 20:1 n-11,FA 24:1 n-9,"FA 18:2, n-6",FA 18:3 n-3,FA 18:4 n-3,FA 20:4 n-6,fatty acid 21:5 n-3,FA 22:5 n-3,FA 22:6 n-3,alanine,arginine,aspartic acid,cystine,glutamic acid,glycine,histidine,isoleucine,leucine,lysine,methionine,phenylalanine,proline,serine,threonine,tryptophan,tyrosine,valine
1,13A20136,,"Bean, Cannellini, canned, drained",p,Phaseolus vulgaris,Cannellini,,,2013.0,AUSNUT/2011-2013,404,,72,,6.25,,6.2,0.6,,,,12.2,,8.5,,6.4,,1.4,46,,,,1.6,,260,30,,,270,,88,0.5,0.6,,,,,,0.05,,0.06,0.7,,1.78,,0.1,,,0,0,,81,0,81,,,,0,,,0,,0,,0,,,,,,,,0.17,0,,2.1,,,,,,,,,,0,,0.19,0.03,0.26,0,,,,,,,,,,,,,,,,,0.14,0.12,,,,,,,,,,,,,,,,,,,,,,,
2,13A20122,,"Bean, Haricot, dried",d/r,Phaseolus vulgaris,Haricot,,,2013.0,AUSNUT/2011-2013,1220,,11.2,,6.25,,21.9,2.2,,,,34.8,,31.3,,18.5,,3.2,150,,,,6.4,,1290,160,,,4,,400,5,2.4,,,,,,0.42,,0.14,2.3,,7.6,,0.33,,,0,1,,364,0,364,,,,0,,,0,,0,,0,,,,,,,,0.39,0,,3.5,,,,,,,,,,0,,0.27,0.17,1.32,0,,,,,,,,,,,,,,,,,0.5,0.82,,,,,,,,,,,,,,,,,,,,,,,
3,13A20123,,"Bean, Haricot, dried, boiled, microwaved or steamed, drained",p,Phaseolus vulgaris,Haricot,,,2013.0,AUSNUT/2011-2013,464,,67.9,,6.25,,8.2,0.7,,,,12.6,,7.9,,8.8,,1,57,,,,2.1,,340,49,,,8,,130,2,0.9,,,,,,0.09,,0.06,0.8,,2.7800000000000002,,0.1,,,0,0,,140,0,140,,,,0,,,0,,0,,0,,,,,,,,0.17,0,,4.7,,,,,,,,,,0,,0.09,0.05,0.42,0,,,,,,,,,,,,,,,,,0.16,0.26,,,,,,,,,,,,,,,,,,,,,,,
4,13A20127,,"Bean, lima, dried",d/r,Phaseolus lunatus,,,,2013.0,AUSNUT/2011-2013,1299,,9.7,,6.25,,21.4,1.7,,,,40.6,,34,,17.7,,4.4,55,,,,5.7,,1900,170,,,3,,320,6,2.7,,,,,,0.42,,0.12,1.6,,5.45,,0.75,,,0,0,,395,0,395,,,,0,,,0,,0,,0,,,,,,,,0.76,0,,3.7,,,,,,,,,,0,,0.39,0.16,0.79,0,,,,,,,,,,,,,,,,,0.55,0.24,,,,,,,,,,,,,,,,,,,,,,,
5,13A20128,,"Bean, lima, dried, boiled, microwaved or steamed, drained",p,Phaseolus lunatus,,,,2013.0,AUSNUT/2011-2013,355,,73.7,,6.25,,6.4,0.3,,,,10.2,,9.6,,5.3,,0.8,16,,,,1.3,,350,35,,,7,,76,1,0.7,,,,,,0.06,,0,0.5,,1.64,,0.2,,,0,0,,83,0,83,,,,0,,,0,,0,,0,,,,,,,,0.23,0,,0.6,,,,,,,,,,0,,0.07,0.03,0.14,0,,,,,,,,,,,,,,,,,0.1,0.04,,,,,,,,,,,,,,,,,,,,,,,
6,13A20138,,"Bean, mixed, canned, drained",p,Phaseolus vulgaris,,,,2013.0,AUSNUT/2011-2013,426,,69.1,,6.25,,6.4,0.4,,,,13.8,,11.3,,6.2,,1.6,43,,,,2,,220,30,,,310,,89,0.8,0.8,,,,,,0.07,,0,0.7,,2.01,,0.1,,,0,0,,67,0,67,,,,0,,,0,,0,,0,,,,,,,,0,0,,2.5,,,,,,,,,,0,,0.09,0.02,0.2,0,,,,,,,,,,,,,,,,,0.12,0.08,,,,,,,,,,,,,,,,,,,,,,,
7,13A20124,,"Bean, Red kidney, dried",d/r,Phaseolus vulgaris,Red Kidney,,,2013.0,AUSNUT/2011-2013,1251,,9.3,,6.25,,22.5,1.8,,,,35.6,,32.2,,21.5,,3.7,95,,,,5.6,,1470,140,,,3,,520,4,3,,,,,,0.39,,0.15,3,,7.59,,0.51,,,0,0,,394,0,394,,,,1,,,0,,7,,7,,,,,,,,0.27,0,,3.4,,,,,,,,,,0,,0.27,0.14,1.03,0,,,,,,,,,,,,,,,,,0.4,0.63,,,,,,,,,,,,,,,,,,,,,,,
8,13A20125,,"Bean, Red kidney, dried, boiled, microwaved or steamed, drained",p,Phaseolus vulgaris,Red Kidney,,,2013.0,AUSNUT/2011-2013,382,,71.1,,6.25,,7.9,0.5,,,,9.1,,8.5,,7.2,,0.9,34,,,,1.7,,290,38,,,8,,130,0.5,1,,,,,,0.07,,0,0.4,,2.0100000000000002,,0.07,,,0,0,,130,0,130,,,,0,,,0,,0,,0,,,,,,,,0.1,0,,0.6,,,,,,,,,,0,,0.07,0.04,0.28,0,,,,,,,,,,,,,,,,,0.11,0.17,,,,,,,,,,,,,,,,,,,,,,,
9,13A20126,,"Bean, Red, kidney, canned, drained",p,Phaseolus vulgaris,Red Kidney,,,2013.0,AUSNUT/2011-2013,441,,69.8,,6.25,,6.6,0.6,,,,14,,10.8,,6.5,,1.5,36,,,,2.1,,270,30,,,320,,100,1.9,0.59,,,,,,0.1,,0.06,0.6,,1.9500000000000002,,0.1,,,0,0,,40,0,40,,,,0,,,0,,0,,0,,,,,,,,0.13,0,,2.4,,,,,,,,,,0,,0.09,0.05,0.34,0,,,,,,,,,,,,,,,,,0.13,0.21,,,,,,,,,,,,,,,,,,,,,,,
10,13A20135,,"Lentil, dried, cooked",p,Lens esculanta,,,,2013.0,AUSNUT/2011-2013,354,,73.8,,6.25,,6.8,0.4,,,,10.3,,9,,3.7,,0.7,17,,,,2,,220,25,,,8,,91,6,0.9,,,,,,0.08,,0.06,0.7,,1.5299999999999998,,0.15,,,0,0,,20,0,20,,,,1,,,0,,5,,5,,,,,,,,0.14,0,,0.5,,,,,,,,,,0,,0.06,0.07,0.2,0,,,,,,,,,,,,,,,,,0.16,0.04,,,,,,,,,,,,,,,,,,,,,,,
11,13A20142,,"Lentil, Green or Brown, dried",d/r,Lens esculanta,,,,2013.0,AUSNUT/2011-2013,1439,,10.3,,6.25,,24.2,2,,,,48.8,,42.9,,12.6,,2.4,59,,,,6.75,,786,95,,,5,,336,17,2.79,,,,,,0.4,,0.16,2.3,,5.26,,0.55,,,0,3,,111,0,111,,,,3,,,0,,19,,19,,,,,,,,0.52,0,,2.2,,,,,,,,,,0,,0.28,0.34,0.97,0,,,,,,,,,,,,,,,,,0.8,0.18,,,,,,,,,,,,,,,,,,,,,,,
12,13A20141,,"Lentil, Red, dried",d/r,Lens esculanta,Red,,,2013.0,AUSNUT/2011-2013,1498,,10.3,,6.25,,25.3,2,,,,53.6,,47.4,,7.1,,2.3,22,,,,5.55,,839,76,,,5,,360,17,2.73,,,,,,0.4,,0.16,2.3,,5.4,,0.55,,,0,3,,111,0,111,,,,3,,,0,,19,,19,,,,,,,,0.52,0,,2.2,,,,,,,,,,0,,0.28,0.34,0.97,0,,,,,,,,,,,,,,,,,0.8,0.18,,,,,,,,,,,,,,,,,,,,,,,
13,13A20148,,"Bean, lupin, raw",d/r,Lupinus spp.,,,,2013.0,AUSNUT/2011-2013,1389,,12,,5.71,,41,7,,,,8.8,,1.7,,31.2,,3,180,,,,9.5,,1800,230,,,6,,560,23,4,,,,,,0.737,,0.546,2.7,,13.2,,0.43,,,0,2,,375,0,375,,,,33,,,0,,200,,200,,,,,,,,2.35,0.3,,2,,,,,,,,,,0,,1.18,2.27,2.76,258.45,,,,,,,,,,,,,,,,,2.42,0.34,,,,,,,,,,,,,,,,,,,,,,,
14,978,"Bønnespirer, uspec., rå","Bean sprouts, average values, raw",p,,,,,2015.0,DTU/2015,157,37,90,10,6.25,0.479,3,,0.3,5.1,6.3,,,,,1.2,,0.4,25.8,,,0.164,0.91,,149,21,0.188,,6,29.1,100,,0.41,,,,,,,0.084,0.124,0.749,,1.37,0.38,,0.081,,0,13.2,13.2,100,,,,,,,2.67,,0,,,,32,,,,,0,,0,,,33,,,,,,,,,,,0,0.185,0.061,0.034,0.09,0,0.025,0.065,,,0,0,0,0,0,0,0.049,0.012,0,0.034,0,0,0.065,0.025,0,0,0,0,0,101,196,479,17,163,62,72,129,172,168,34,115,,33,77,37,53,129
15,970,"Bønnespirer, mung, rå","Bean sprouts, mung, raw",p,Phaseolus radiata L. (Vigna radiata (L.) R. Wilczek),,,,2015.0,DTU/2015,143,34,90.4,9.6,6.25,0.486,3,,0.2,4.1,5.9,,,,,1.8,,0.4,25.8,,,0.164,0.91,,149,21,0.188,,6,,100,,0.41,,,,,,,0.084,0.124,0.749,,1.37,0.38,,0.088,,0,13.2,13.2,100,,,,,,,1,,0,,,,12,,,,,0,,0,,,33,,,,,,,,,,,0,0.12,0.04,0.022,0.058,0,0.016,0.042,,,0,0,0,0,0,0,0.032,0.008,0,0.022,0,0,0.042,0.016,0,0,0,0,0,102,199,486,17,165,63,73,131,175,170,35,117,,34,78,37,53,131
16,384,"Bønnespirer, adzuki, rå","Bean, adzuki, sprouted, raw",p,Vigna angularis (Willd.) Ohwi & H. Ohashi ,var. angularis,,,2015.0,DTU/2015,568,136,64.2,35.8,6.25,1.6,10,,1,18.8,24,,,,,5.2,,0.8,44.3,,,,,,,,,,,,174,,,,,,,,,,,,,,,,,,0,,,100,,,,,,,,,,,,,,,,,,0,,0,,,,,,,,,,,,,,,,,,,,,,,,,,,,,,,,,,,,,,,,,,,,,,,,,,,,,,,,,,,,
17,19,"Brune bønner, tørrede, rå","Beans, brown, dried, raw",r,Phaseolus vulgaris L.,,,,2015.0,DTU/2015,1313,314,12.3,87.7,6.25,3.02,18.9,,2,45.6,63.4,,,,,17.8,,3.4,77.3,,11.4,0.5,5,1.9,1330,131,2,,8,273,477,8.8,2,0,1.59,0.1,6.98,,,0.35,0.14,2,,5.93,0.5,,0.415,,0,0,0,140,,,24,,,,1.08,,0,,,,13,,,,,0,,0,0.34,,0.35,3.2,,,,,,,,,,0,,,,,,,,,,,,,,,,,,,,,,,,,,,,,726,907,227,124,2480,696,484,877,1330,1360,172,937,696,1180,786,236,423,1910
18,58,"Mungbønner, tørrede, rå","Beans, mung, dried, raw",r,Phaseolus radiatus L.,,,,2015.0,DTU/2015,1370,327,9.5,90.5,6.25,3.82,23.9,,1.2,47.2,62.2,,,,,15,,3.3,88,,8.8,0.941,6.74,,1250,189,1.04,,15,330,395,8.8,2.68,0,2.7,0.1,2.8,,,0.621,0.233,2.25,,6.58,0.2,,0.5,,0,12.2,12.2,625,,,,,,,5.67,,0,,,,68,,,,,0,,0,1.9,1.9,170,,,,,,,,,,,0,0.979,0.363,0.182,0.434,0,0.03,0.404,,,0,0,0,0,0,0,0.283,0.08,0,0.182,0,0,0.404,0.03,0,0,0,0,0,1070,1680,2750,,4280,955,687,993,1830,1680,286,1450,1110,1180,764,260,725,1220
19,568,"Hvide bønner, tørrede, rå","Beans, white, dried, raw",r,Phaseolus vulgaris L.,,,,2015.0,DTU/2015,1356,324,9.8,90.2,6.25,3.41,21.3,,2.7,43.9,62.3,,,,,18.4,,3.9,126,,11.4,0.47,5.5,0.6,1530,184,2,,6,331,425,8.8,2.78,0,1.66,0.1,6.08,,,0.437,0.146,0.479,,4.68,0.98,,0.508,,0,2.04,2.04,226,,,25,,,,1.08,,0,,,,13,,,,,0,,0,0.34,0.34,170,,,,,,,,,,,0,,,,,,,,,,,,,,,,,,,,,,,,,,,,,886,1130,2590,232,3240,818,579,954,1700,1470,320,1160,886,1160,886,252,613,1130
20,622,"Brune linser, tørrede, rå","Lentils, brown, dried, raw",r,Lens culinaris Medicus,,,,2015.0,DTU/2015,1422,340,10.2,89.8,6.25,4.02,25.1,,2,48.9,60.1,,,,,11.2,,2.6,70.1,,,,,,,,,,,,373,,,,,,,,,,,,,,,,,,,,,,,,,,,,,,,,,,,,,,,,,,,,,,,,,,,,,,,,,,,,,,,,,,,,,,,,,,,,,,,,,,,,,,,,,,,,,,,,,,,,,
21,681,"Linser, tørrede, rå","Lentils, dried",r,Lens culinaris (L.) Medikus,,,,2015.0,DTU/2015,1466,350,9.7,90.3,6.25,4.19,26.2,,2.5,50.5,59.2,,,50.8,,8.7,,2.4,55.5,,13.1,0.67,6.5,0.7,670,77,,69,36,248,371,12,3.06,0,0.879,0.1,9.52,,,,,,,,,,,,,,,,,,,,,,,,,,,,,,,,,,,,,,,2.4,,,,,,,,,,,,,,,,,,,,,,,,,,,,,,,,,,,,,,,,,,,,,,,,,,,,,,,,
22,755,"Røde linser, tørrede, rå","Lentils, red, dried, raw",r,Lens culinaris Medikus,,,,2015.0,DTU/2015,1512,361,9.1,90.9,6.25,4.37,27.3,,2.9,52.4,58.6,,,,,6.2,,2.1,41.3,,,,,,,,,,,,368,,,,,,,,,,,,,,,,,,,,,,,,,,,,,,,,,,,,,,,,,,,,,,,,,,,,,,,,,,,,,,,,,,,,,,,,,,,,,,,,,,,,,,,,,,,,,,,,,,,,,
23,741,"Kikærter, tørrede, rå","Peas, chick/garbanzo, dry, raw",r,Cicer arietinum L.,,,,2015.0,DTU/2015,1541,368,8.4,91.6,6.25,3.26,20.4,,6.9,49.5,61.7,,,36.4,,12.2,,2.6,124,,7.6,0.76,6.4,0.6,800,160,,,40,130,300,2,1,,0.7,,3.7,,,0.5,0.15,1.5,,4.22,,,0.417,,0,3,3,180,,,30,,,,15.8,,0,,,,190,,,,,0,,0,3.1,3.1,264,9.5,,,,,,,,,,0,,,,,,,,,,,,,,,,,,,,,,,,,,,,,881,1930,2380,294,3230,816,555,914,1530,1400,261,1180,849,1040,783,163,588,914
24,592,"Gule ærter (flækærter), rå","Peas, mature, dry, raw",r,Pisum sativum L.,,,,2015.0,DTU/2015,1470,351,9.5,90.5,6.25,3.52,22,,2.1,56.4,63.8,,,39.4,,7.4,,2.6,37.8,,18.8,0.69,5.5,0.5,1120,82,1.2,70,26,219,407,14,3.8,0,3.4,0.3,5.9,,,0.82,0.18,2.5,,5.55,2,,0.075,,0,1,1,33,,,21,,,,1.25,,0,,,,15,,,,,0,,0,0,0,81,2.37,,2.62,0.28,,,,,,,0,1.68,0.376,0.158,1.15,0,0.197,0.948,,,,,,,,,0,0,,0.158,,,0.948,0.197,,0,,,,915,2040,2460,148,3340,845,493,915,1410,1510,165,915,880,1060,739,183,528,1160
25,13-042,,"Beans, aduki, whole, dried, boiled in unsalted water",p,,,,Analysis and calculation from dried,2015.0,McW/2015,525,123,59.4,,,1.48,9.3,0.2,,,,,22.5,,20.8,,5.5,,39,,,0.51,1.90,,570,60,0.80,,2,,180,1,2.3,,,,,,,0.14,0.08,0.9,1.5,2.4,,,,,0,Tr,,,,,,,,1,,,,0,6,0,6,,,,,,,,,,,,0.5,,,Tr,Tr,0.3,0,0.1,0,0,,,,,Tr,,,,,,,,,,,,,,,,,,,,,,,,,,,,,,,,,,,,,,,,,
26,13-041,,"Beans, aduki, whole, dried, raw",d/r,,,,"6 samples, whole beans",2015.0,McW/2015,1158,272,12.7,,,3.18,19.9,0.5,,,,,50.1,,44.7,,11.1,,84,,,1.09,4.20,,1220,130,1.70,,5,,380,2,5.0,,,,,,,0.45,0.22,2.6,3.2,5.8,,,,,0,Tr,,,,,,,,2,,,,0,12,0,12,,,,,,,,,,,,1.0,,,Tr,0.1,0.7,0,0.2,0,0,,,,,Tr,,,,,,,,,,,,,,,,,,,,,,,,,,,,,,,,,,,,,,,,,
27,13-063,,"Beans, blackeye, whole, dried, boiled in unsalted water",p,,,,Soaked and boiled,2015.0,McW/2015,494,116,66.2,,,1.41,8.8,0.7,,,,,19.9,,18.0,,3.5,,21,,,0.22,1.90,,320,45,0.50,,5,,140,3,1.1,,,,,7.0,,0.19,0.05,0.5,1.9,2.4,0.30,,,0.10,0,Tr,,210,,,,,,2,,,,0,13,0,13,,,,,,,,,,,,1.1,,,Tr,0.1,0.9,0,Tr,0,0,,0.20,0.10,0.30,0.00,,,,,,,,,,,,,,,,,,,,,,,,,,,,,,,,,,,,,,,,,
28,13-062,,"Beans, blackeye, whole, dried, raw",d/r,,,,Analysis and literature sources,2015.0,McW/2015,1324,311,10.7,,,3.76,23.5,1.6,,,,,54.1,,47.5,,8.2,,81,,,0.75,7.60,,1170,140,1.30,,16,,410,7,3.2,,,,,18.4,,0.87,0.19,2.1,5.0,7.1,1.50,,,0.36,0,1,,630,,,,,,6,,,,0,35,0,35,,,,,,,,,,,,2.9,,,0.1,0.2,2.5,0,0.1,0,0,,0.50,0.10,0.70,0.00,,,,,,,,,,,,,,,,,,,,,,,,,,,,,,,,,,,,,,,,,
29,13-067,,"Beans, broad, dried, raw",d/r,,,,Literature sources,2015.0,McW/2015,1041,245,11.0,,,4.17,26.1,2.1,,,,,32.5,,24.4,,27.6,,100,81,,0.82,5.50,,1090,190,1.60,,11,,590,,3.1,,,,,,,0.50,0.26,2.6,4.2,6.8,0.97,,,0.37,0,Tr,,,,,,,,N,,,,0,N,0,0,,,,,,,,,,,,5.9,,,1.5,0.6,3.8,0,0,0,0,,0.30,0.30,1.10,,,,,,,,,,,,,,,,,,,,,,,,,,,,,,,,,,,,,,,,,,
30,13-559,,"Beans, butter, canned, re-heated, drained",p,,,,"10 cans, 5 brands, no added salt",2015.0,McW/2015,327,77,74.0,,6.25,0.95,5.9,0.5,,,,,13.0,,10.9,,4.6,,15,,,0.14,1.50,,290,27,0.30,,Tr,,68,3,0.6,,,,,,,0.05,0.03,0.2,0.9,1.1,,,,0.05,0,Tr,,12,,,,,,Tr,,,,0,Tr,Tr,Tr,,,,,,,,0.33,,,,1.1,,,Tr,Tr,1.1,0,0,0,0,,0.10,Tr,0.20,0.00,,,,,,,,,,,,,,,,,,,,,,,,,,,,,,,,,,,,,,,,,
31,13-071,,"Beans, butter, dried, boiled in unsalted water",p,,,,Soaked 24 hours; boiled 2 hours.,2015.0,McW/2015,437,103,70.5,,,1.13,7.1,0.6,,,,,18.4,,15.6,,5.2,,19,2,,0.16,1.70,,400,38,0.50,,9,,87,,0.9,,,,,,,0.16,0.05,0.4,1.1,1.5,0.42,,,0.16,0,Tr,,,,,,,,Tr,,,,0,Tr,0,Tr,,,,,,,,0.40,,,,1.5,,,Tr,Tr,1.5,0,0,0,0,,0.10,Tr,0.30,,,,,,,,,,,,,,,,,,,,,,,,,,,,,,,,,,,,,,,,,,
32,13-070,,"Beans, butter, dried, raw",d/r,,,,Analysis and literature sources,2015.0,McW/2015,1234,290,11.6,,,3.06,19.1,1.7,,,,,52.9,,46.2,,16.0,,85,47,,0.74,5.90,,1700,190,1.70,,40,,320,,2.8,,,,,,,0.45,0.13,2.5,3.1,5.6,1.30,,,0.51,0,Tr,,,,,,,,Tr,,,,0,Tr,0,0,,,,,,,,1.13,,,,3.6,,,Tr,Tr,3.6,0,0,0,0,,0.40,0.10,0.80,,,,,,,,,,,,,,,,,,,,,,,,,,,,,,,,,,,,,,,,,,
33,13-560,,"Beans, chick peas, canned, re-heated, drained",p,,,,"Whole peas; 10 samples, 5 brands, no added salt",2015.0,McW/2015,487,115,67.5,,6.25,1.15,7.2,2.9,,,,,16.1,,15.1,,4.1,,43,,,0.05,1.50,,110,24,0.80,,Tr,,81,1,0.8,,,,,,,0.05,0.03,0.2,1.0,1.2,,,,0.04,0,Tr,,11,,,,,,3,,,,0,21,Tr,21,,,,,,,,1.55,,,,0.4,,,Tr,Tr,0.4,0,0,0,0,,0.30,0.70,1.30,Tr,,,,,,,,,,,,,,,,,,,,,,,,,,,,,,,,,,,,,,,,,
34,13-077,,"Beans, chick peas, Kabuli, split, dried, boiled in unsalted water",p,,Kabuli,,Soaked and boiled,2015.0,McW/2015,484,114,67.3,,,1.23,7.7,2.0,,,,,17.4,,15.9,,,,12,7,,0.28,2.10,,270,31,0.70,,5,,80,1,1.2,,,,,,,0.10,0.07,0.7,1.1,1.8,0.29,,,0.14,0,Tr,,54,,,,,,3,,,,0,20,0,20,,,,,,,,1.07,,,,1.0,,,0.1,Tr,0.9,0,0,0,0,,0.20,0.40,1.00,,,,,,,,,,,,,,,,,,,,,,,,,,,,,,,,,,,,,,,,,,
35,13-076,,"Beans, chick peas, Kabuli, split, dried, raw",d/r,,Kabuli,,No seed coat. Literature sources,2015.0,McW/2015,1379,325,12.2,,,3.63,22.7,5.4,,,,,49.6,,43.8,,,,50,60,,1.03,5.30,,990,110,1.60,,39,,330,2,3.6,,,,,,,0.39,0.24,1.9,3.0,4.9,1.59,,,0.53,0,Tr,,180,,,,,,9,,,,0,55,0,55,,,,,,,,2.88,,,,2.6,,,0.2,Tr,2.4,0,0,0,0,,0.50,1.10,2.70,,,,,,,,,,,,,,,,,,,,,,,,,,,,,,,,,,,,,,,,,,
36,13-430,,"Beans, chick peas, Kabuli, whole, dried, boiled in unsalted water",p,,Kabuli,,Analytical and literature sources. Soaked and boiled,2015.0,McW/2015,512,121,65.8,,6.25,1.35,8.4,2.1,,,,,18.2,,16.6,,4.3,,46,7,,0.28,2.10,,270,37,0.70,,5,,83,1,1.2,,,,,,,0.10,0.07,0.7,1.1,1.8,0.29,,,0.14,0,Tr,,66,,,,,54,4,,,,0,23,0,23,,,,,,,,1.10,,2.24,,1.0,,,0.1,Tr,0.9,0,0,0,0,,0.20,0.40,1.00,Tr,,,,,,,,,,,,,,,,,,,,,,,,,,,,,,,,,,,,,,,,,
37,13-074,,"Beans, chick peas, Kabuli, whole, dried, raw",d/r,,Kabuli,,Analytical and literature sources.,2015.0,McW/2015,1355,320,10.0,,,3.42,21.3,5.4,,,,,49.6,,43.8,,10.7,,160,60,,0.95,5.50,,1000,130,2.40,,39,,310,2,3.0,,,,,,,0.39,0.24,1.9,2.9,4.8,1.59,,,0.53,0,Tr,,180,,,,,,10,,,,0,60,0,60,,,,,,,,2.88,,8.92,,2.6,,,0.2,Tr,2.4,0,0,0,0,,0.50,1.10,2.70,Tr,,,,,,,,,,,,,,,,,,,,,,,,,,,,,,,,,,,,,,,,,
38,13-087,,"Beans, haricot, whole, dried, boiled in unsalted water",p,,,,"Soaked 24 hours, boiled 2 hours",2015.0,McW/2015,406,95,69.6,,,1.06,6.6,0.5,,,,,17.2,,15.8,,6.1,,65,1,,0.14,2.50,,320,45,0.70,,15,,120,4,1.0,,,,,,,0.10,0.04,0.6,1.1,1.7,0.17,,,0.12,0,Tr,,,,,,,,Tr,,,,0,Tr,0,Tr,,,,,,,,0.07,,,,0.8,,,Tr,0.1,0.7,0,0,0,0,,0.10,0.10,0.10,,,,,,,,,,,,,,,,,,,,,,,,,,,,,,,,,,,,,,,,,,
39,13-086,,"Beans, haricot, whole, dried, raw",d/r,,,,Whole beans,2015.0,McW/2015,1218,286,11.3,,,3.42,21.4,1.6,,,,,49.7,,42.7,,17.0,,180,2,,0.61,6.70,,1160,180,2.00,,43,,310,12,2.8,,,,,,,0.45,0.13,2.5,3.4,5.9,0.70,,,0.56,0,Tr,,,,,,,,Tr,,,,0,Tr,0,Tr,,,,,,,,0.21,,,,2.8,,,0.1,0.2,2.5,0,0,0,0,,0.30,0.40,0.50,,,,,,,,,,,,,,,,,,,,,,,,,,,,,,,,,,,,,,,,,,
40,13-099,,"Beans, mung, dahl, dried, boiled in unsalted water",p,,,,"Split beans, no seed coat, soaked and boiled. Literature sources",2015.0,McW/2015,392,92,70.8,,,1.25,7.8,0.4,,,,,15.3,,14.1,,,,8,4,,0.18,1.20,,270,26,0.20,,2,,69,5,0.7,,,,,,,0.09,0.07,0.5,1.3,1.8,0.41,,,0.07,0,Tr,,35,,,,,,2,,,,0,12,0,12,,,,,,,,,,,,0.5,,,0.1,0.1,0.3,0,0,0,0,,0.10,Tr,0.20,,,,,,,,,,,,,,,,,,,,,,,,,,,,,,,,,,,,,,,,,,
41,13-098,,"Beans, mung, dahl, dried, raw",p/d/r,,,,"Split beans, no seed coat. Literature sources",2015.0,McW/2015,1237,291,11.0,,,4.29,26.8,1.1,,,,,46.3,,40.9,,,,35,12,,0.55,5.50,,1250,130,1.00,,12,,390,16,2.6,,,,,,,0.36,0.26,2.1,3.8,5.9,1.91,,,0.38,0,Tr,,140,,,,,,6,,,,0,24,0,24,,,,,,,,,,,,1.5,,,0.3,0.2,1.0,0,0,0,0,,0.30,0.10,0.50,,,,,,,,,,,,,,,,,,,,,,,,,,,,,,,,,,,,,,,,,,
42,13-097,,"Beans, mung, whole, dried, boiled in unsalted water",p,,,,Soaked and boiled. Literature sources,2015.0,McW/2015,389,91,69.3,,,1.21,7.6,0.4,,,,,15.3,,14.1,,3.0,,24,4,,0.19,1.40,,270,43,0.30,,2,,81,5,0.9,,,,,,,0.09,0.07,0.5,1.2,1.7,0.41,,,0.07,0,Tr,,35,,,,,,2,,,,0,12,0,12,,,,,,,,,,,,0.5,,,0.1,0.1,0.3,0,0,0,0,,0.10,Tr,0.20,Tr,,,,,,,,,,,,,,,,,,,,,,,,,,,,,,,,,,,,,,,,,
43,13-096,,"Beans, mung, whole, dried, raw",d/r,,,,Literature sources,2015.0,McW/2015,1188,279,11.0,,,3.80,23.9,1.1,,,,,46.3,,40.9,,10.0,,89,12,,0.47,6.00,,1250,150,0.80,,12,,360,16,2.7,,,,,,,0.36,0.26,2.1,3.8,5.9,1.91,,,0.38,0,Tr,,140,,,,,,4,,,,0,24,0,24,,,,,,,,,,,,1.5,,,0.3,0.2,1.0,0,0,0,0,,0.30,0.10,0.50,Tr,,,,,,,,,,,,,,,,,,,,,,,,,,,,,,,,,,,,,,,,,
44,13-105,,"Beans, pigeon peas, dahl, dried, boiled in unsalted water",p,,,,"Soaked and boiled. Split peas, no seed coat. Literature sources",2015.0,McW/2015,497,118,66.8,,,1.40,8.7,0.5,,,,,21.2,,20.3,,,,14,2,,0.34,1.00,,510,32,0.30,,14,,110,,0.9,,,,,,,0.15,0.04,0.7,0.7,1.4,,,,,0,Tr,,25,,,,,,2,,,,0,11,0,11,,,,,,,,,,,,0.6,,,0.1,Tr,0.5,0,0,0,0,,0.10,Tr,0.20,,,,,,,,,,,,,,,,,,,,,,,,,,,,,,,,,,,,,,,,,,
45,13-104,,"Beans, pigeon peas, dahl, dried, raw",p/d/r,,,,"Split peas, no seed coat. Literature sources",2015.0,McW/2015,1379,324,10.0,,,3.48,21.8,1.9,,,,,58.6,,54.8,,,,37,5,,0.93,2.80,,1390,87,0.70,,38,,310,,2.4,,,,,,,0.86,0.13,2.3,1.7,4,,,,,0,Tr,,100,,,,,,5,,,,0,30,0,30,,,,,,,,,,,,1.7,,,0.2,0.1,1.4,0,0,0,0,,0.40,0.10,0.90,,,,,,,,,,,,,,,,,,,,,,,,,,,,,,,,,,,,,,,,,,
46,13-103,,"Beans, pigeon peas, whole, dried, boiled in unsalted water",p,,,,Literature sources,2015.0,McW/2015,502,117,66.7,,,1.36,8.5,0.5,,,,,21.2,,20.3,,,,52,2,,0.46,1.30,,510,37,0.40,,14,,110,,0.9,,,,,,,0.15,0.04,0.7,0.7,1.4,,,,,0,Tr,,25,,,,,,2,,,,0,11,0,11,,,,,,,,,,,,0.6,,,0.1,Tr,0.5,0,0,0,0,,0.10,Tr,0.20,,,,,,,,,,,,,,,,,,,,,,,,,,,,,,,,,,,,,,,,,,
47,13-102,,"Beans, pigeon peas, whole, dried, raw",d/r,,,,Literature sources,2015.0,McW/2015,1348,317,10.0,,,3.20,20.0,1.9,,,,,58.6,,54.8,,,,140,5,,1.24,3.40,,1390,100,1.10,,38,,290,,2.5,,,,,,,0.86,0.13,2.3,1.6,3.9,,,,,0,Tr,,100,,,,,,5,,,,0,30,0,30,,,,,,,,,,,,1.7,,,0.2,0.1,1.4,0,0,0,0,,0.40,0.10,0.90,,,,,,,,,,,,,,,,,,,,,,,,,,,,,,,,,,,,,,,,,,
48,13-107,,"Beans, pinto, dried, boiled in unsalted water",p,,Pinto,,Whole beans. Literature sources,2015.0,McW/2015,583,137,62.5,,,1.42,8.9,0.7,,,,,23.9,,,,,,47,,,0.26,2.30,,460,56,0.50,,1,,150,6,1.0,,,,,,,0.23,0.06,0.3,1.4,1.7,0.29,,,0.15,0,2,,145,,,,,,Tr,,,,0,Tr,0,0,,,,,,,,,,,,,,,,,N,0,0,0,0,,0.10,Tr,0.40,,,,,,,,,,,,,,,,,,,,,,,,,,,,,,,,,,,,,,,,,,
49,13-106,,"Beans, pinto, dried, raw",d/r,,Pinto,,Whole beans. Literature sources,2015.0,McW/2015,1389,327,10.6,,,3.38,21.1,1.6,,,,,57.1,,,,,,130,,,0.86,5.40,,1340,170,1.10,,10,,440,18,2.5,,,,,,,0.68,0.19,1.3,3.4,4.7,0.76,,,0.45,0,7,,520,,,,,,1,,,,0,6,0,6,,,,,,,,,,,,,,,,,N,0,0,0,0,,0.20,0.10,0.90,,,,,,,,,,,,,,,,,,,,,,,,,,,,,,,,,,,,,,,,,,
50,13-561,,"Beans, red kidney, canned in water, re-heated, drained",p,,Red Kidney,,"10 cans, 6 brands",2015.0,McW/2015,391,92,70.1,,6.25,1.11,6.9,0.6,,,,,15.7,,13.7,,6.2,,71,,,Tr,2.00,,280,30,0.30,,Tr,,130,6,0.7,,,,,,,0.21,0.06,0.6,1.1,1.7,0.15,,,0.11,0,Tr,,15,,,,,9,1,,,,0,4,0,4,,,,,,,,0.19,,,,0.6,,,Tr,0.1,0.5,0,0,0,0,,0.10,0.10,0.30,Tr,,,,,,,,,,,,,,,,,,,,,,,,,,,,,,,,,,,,,,,,,
51,13-110,,"Beans, red kidney, dried, boiled in unsalted water",p,,Red Kidney,,Soaked and boiled. Whole beans. Analytical and literature sources,2015.0,McW/2015,440,103,66.0,,6.25,1.35,8.4,0.5,,,,,17.4,,14.5,,6.7,,37,1,,0.23,2.50,,420,45,0.50,,2,,130,6,1.0,,,,,,,0.17,0.05,0.6,1.3,1.9,0.22,,,0.12,0,1,,42,,,,,,1,,,,0,4,Tr,4,,,,,,,,0.20,,,,1.0,,,Tr,0.1,0.8,0,0,0,0,,0.10,Tr,0.30,Tr,,,,,,,,,,,,,,,,,,,,,,,,,,,,,,,,,,,,,,,,,
52,13-109,,"Beans, red kidney, dried, raw",d/r,,Red Kidney,,Whole beans. Analytical and literature sources,2015.0,McW/2015,1133,266,11.2,,6.25,3.54,22.1,1.4,,,,,44.1,,38.0,,15.7,,100,2,,0.68,6.40,,1370,150,1.20,,18,,410,16,3.0,,,,,,,0.65,0.19,2.1,3.5,5.6,0.78,,,0.40,0,4,,130,,,,,,2,,,,0,11,0,11,,,,,,,,0.52,,,,2.5,,,0.1,0.2,2.2,0,0,0,0,,0.20,0.10,0.80,Tr,,,,,,,,,,,,,,,,,,,,,,,,,,,,,,,,,,,,,,,,,
53,13-580,,"Beansprouts, mung, boiled in unsalted water",p,,,,Boiled 4 minutes,2015.0,McW/2015,104,25,91.6,,6.25,0.40,2.5,0.5,,,,,2.8,,1.4,,1.3,,19,13,,0.01,2.20,,46,14,0.10,,4,,37,,0.3,,,,,,,0.09,0.05,0.3,0.4,0.7,0.24,,,0.07,0,2,,17,,,,,,8,,,,0,46,23,23,23,,,,,,,,,,,1.4,,,0.7,0.7,Tr,0,0,0,0,,0.10,0.10,0.20,,,,,,,,,,,,,,,,,,,,,,,,,,,,,,,,,,,,,,,,,,
54,13-426,,"Beansprouts, mung, raw",p/r,,,,As purchased,2015.0,McW/2015,131,31,90.4,,6.25,0.47,2.9,0.5,,,,,4.0,,1.8,,1.5,,20,15,,0.08,1.70,,74,18,0.30,,5,,48,1,0.3,,,,,,,0.11,0.04,0.5,0.5,1.0,0.38,,,0.10,0,7,,61,,,,,,7,,,,0,40,20,20,20,,,,,,,,,Tr,,2.2,,,1.1,1.1,Tr,0,0,0,0,,0.10,0.10,0.20,0.00,,,,,,,,,,,,,,,,,,,,,,,,,,,,,,,,,,,,,,,,,
55,13-567,,"Beansprouts, mung, stir-fried in rapeseed oil",p,,,,6 samples; stir-fried 2 minutes.  And calculated from raw,2015.0,McW/2015,298,72,88.4,,6.25,0.30,1.9,6.1,,,,,2.5,,1.1,,0.9,,12,9,,0.05,1.00,,45,11,0.20,,3,,29,1,0.2,,,,,,,0.06,0.02,0.3,0.3,0.6,0.23,,,0.07,0,7,,43,,,,,41,4,,,,0,24,12,12,12,,,,,,,,,6.40,,1.4,,,0.8,0.6,Tr,0,0,0,0,,0.47,3.42,1.84,,,,,,,,,,,,,,,,,,,,,,,,,,,,,,,,,,,,,,,,,,
56,13-090,,"Lentils, green and brown, whole, dried, boiled in unsalted water",p,,,,"As raw. Boiled 10 minutes, simmered 25 minutes",2015.0,McW/2015,446,105,66.7,,6.25,1.41,8.8,0.7,,,,,16.9,,15.9,,3.8,,22,26,,0.33,3.50,,310,34,0.50,,3,,130,40,1.4,,,,,,,0.14,0.08,0.6,1.2,1.8,,,,0.28,0,Tr,,30,,,,,,N,,,,0,N,0,N,,,,,,,,,,,,0.4,,,Tr,Tr,0.4,0,0,0,0,,0.10,0.10,0.30,Tr,,,,,,,,,,,,,,,,,,,,,,,,,,,,,,,,,,,,,,,,,
57,13-089,,"Lentils, green and brown, whole, dried, raw",d/r,,,,"10 samples, 6 brands. Continental type",2015.0,McW/2015,1264,297,10.8,,,3.90,24.3,1.9,,,,,48.8,,44.5,,8.9,,71,87,,1.02,11.10,,940,110,1.40,,12,,350,105,3.9,,,,,,,0.41,0.27,2.2,3.3,5.5,,,,0.93,0,Tr,,110,,,,,,N,,,,0,N,0,N,,,,,,,,,,,,1.2,,,0.1,Tr,1.1,0,0,0,0,,0.20,0.30,0.80,Tr,,,,,,,,,,,,,,,,,,,,,,,,,,,,,,,,,,,,,,,,,
58,13-434,,"Lentils, red, split, dried, boiled in unsalted water",p,,Red,, As purchased; boiled 20 minutes,2015.0,McW/2015,424,100,72.1,,6.25,1.22,7.6,0.4,,,,,17.5,,16.2,,1.9,,16,20,,0.19,2.40,,220,26,,,12,,100,2,1.0,,,,,,,0.11,0.04,0.4,1.0,1.4,0.31,,,0.11,0,Tr,,33,,,,,28,3,,,,0,20,0,20,,,,,,,,,,,,0.8,,,0.1,Tr,0.7,0,0,0,0,,Tr,0.10,0.20,Tr,,,,,,,,,,,,,,,,,,,,,,,,,,,,,,,,,,,,,,,,,
59,13-091,,"Lentils, red, split, dried, raw",d/r,,Red,,As purchased,2015.0,McW/2015,1353,318,11.1,,6.25,3.80,23.8,1.3,,,,,56.3,,50.8,,4.9,,51,64,,0.58,7.60,,710,83,,,36,,320,6,3.1,,,,,,,0.50,0.20,2.0,3.2,5.2,1.36,,,0.60,0,Tr,,35,,,,,,10,,,,0,60,0,60,,,,,,,,,,,,2.4,,,0.2,Tr,2.2,0,0,0,0,,0.20,0.20,0.50,Tr,,,,,,,,,,,,,,,,,,,,,,,,,,,,,,,,,,,,,,,,,
60,13-131,,"Peas, dried, boiled in unsalted water",p,,,,"Whole peas; soaked 24 hours, boiled 2 hours",2015.0,McW/2015,465,109,70.3,,,1.11,6.9,0.8,,,,,19.9,,18.2,,5.5,,24,9,,0.06,1.40,2,270,30,0.50,,13,,110,1,1.0,,,,,,,0.11,0.07,1.0,1.1,2.1,0.41,,,0.03,0,Tr,,,,,,,,13,,,,0,78,5,75,0,,,,,,,0.34,,,,0.9,,,Tr,Tr,0.8,0,0,0,0,,0.30,0.10,0.40,,,,,,,,,,,,,,,,,,,,,,,,,,,,,,,,,,,,,,,,,,
61,13-130,,"Peas, dried, raw",d/r,,,,Whole peas,2015.0,McW/2015,1288,303,13.3,,,3.45,21.6,2.4,,,,,52.0,,47.6,,13.0,,61,60,,0.17,4.70,7,990,120,1.40,,38,,300,3,3.7,,,,,,,0.60,0.30,3.0,3.5,6.5,2.00,,,0.13,0,Tr,,,,,,,,41,,,,0,245,15,235,0,,,,,,,1.04,,,,2.4,,,0.1,0.1,2.2,0,0,0,0,,0.40,0.30,1.20,,,,,,,,,,,,,,,,,,,,,,,,,,,,,,,,,,,,,,,,,,
62,13-142,,"Peas, split, dried, boiled in unsalted water",p,,,,"No seed coat; soaked 24 hours, boiled 2 hours",2015.0,McW/2015,538,126,67.3,,,1.33,8.3,0.9,,,,,22.7,,21.0,,2.7,,11,10,,0.06,1.70,,270,30,0.50,,14,,120,,1.4,,,,,,,0.11,0.06,1.0,1.3,2.3,0.41,,,0.03,0,Tr,,,,,,,,8,,,,0,49,3,47,0,,,,,,,0.28,,,,0.9,,,Tr,Tr,0.8,0,0,0,0,,0.20,0.10,0.50,,,,,,,,,,,,,,,,,,,,,,,,,,,,,,,,,,,,,,,,,,
63,13-141,,"Peas, split, dried, raw",p/d/r,,,,No seed coat,2015.0,McW/2015,1396,328,12.1,,,3.54,22.1,2.4,,,,,58.2,,54.7,,6.3,,33,56,,0.17,5.40,,910,130,1.40,,38,,270,,3.8,,,,,,,0.70,0.20,3.2,3.5,6.7,2.00,,,0.13,0,Tr,,,,,,,,24,,,,0,145,9,140,0,,,,,,,1.04,,,,1.9,,,0.1,0.1,1.7,0,0,0,0,,0.40,0.30,1.20,,,,,,,,,,,,,,,,,,,,,,,,,,,,,,,,,,,,,,,,,,
64,,"ถั่วปากอ้า, เมล็ดแห้ง, ดิบ","Broad bean, mature seeds, dried, raw",r,Vicia faba,,,,2016.0,THAI/2016,,349,11.9,,6.25,,22.1,1.5,,,61.77,,,,,,,2.73,90,,,,6.3,,1762,,,,,,344,,,,,,,,,,,,,,,,,,,,,,,,,,,,,,0,,,,,,,,,,,,,,,,,,,,,,,,,,,,,,,,,,,,,,,,,,,,,,,,,,,,,,,,,,,,,,,,,,,,,,,
65,,"ถั่วดำ, เมล็ดแห้ง, ดิบ","Cowpea, mature seeds, black, dried, raw",r,Vigna mungo,,,,2016.0,THAI/2016,,316,10.18,,6.25,,23.99,2.31,,40,,,,,,19.7,,3.82,78,,,1.3,8.98,,1303,,,,6,,408,,2.8,,,,,,0.94,,0.26,2.32,,,,,,,,,,,,,,,,,,,,,,,,,,,,,,,,,,,,,,,,,,,,0,,1.03,0.14,0.6,,,,0,0.6,,,,,,,,,,,,,,,,,,,,,,,,,,,,,,,,,,,,,
66,,"ถั่วแปะยี, เมล็ดแห้ง, ทอด","Hyacinth / lablab bean, mature seeds, deep-fried",p,Lablab purpureus,,,,2016.0,THAI/2016,,449,3.8,,6.25,,22.9,15.4,,,54.8,,,,,,,3.1,60,,,,10.6,,,,,,,,387,,,,,,,,0.44,,,3.4,,,,,,,,,,,,,,,,,,,0,,,,,,,,,,,,,,,,,,,,,,,,,,,,,,,,,,,,,,,,,,,,,,,,,,,,,,,,,,,,,,,,,,,,,,,
67,,"ถั่วแปะยี, เมล็ดแห้ง, ดิบ","Hyacinth / lablab bean, mature seeds, dried, raw",r,Lablab purpureus,,,,2016.0,THAI/2016,,350,10.1,,6.25,,31.1,0.8,,,54.7,,,,,,,3.3,33,,,,8.4,,,,,,,,398,,,,,,,,0.52,,,4.1,,,,,,,,,,,,,,,,,,,0,,,,,,,,,,,,,,,,,,,,,,,,,0,,0.23,0.06,0.33,,,,0,0.33,,,,,,,,,,,,,,,,,,,,,,,,,,,,,,,,,,,,,
68,,"ถั่วแปะยี, เมล็ดแห้ง, คั่ว","Hyacinth / lablab bean, mature seeds, roasted",p,Lablab purpureus,,,,2016.0,THAI/2016,,371,6.3,,6.25,,29.2,2.9,,,56.9,,,,,,,4.7,,,,,,,,,,,,,481,,,,,,,,,,3.63,2.1,,,,,,,,,,,,,,,,,,,0,,,,,,,,,,,,,,,,,,,,,,,,,,,,,,,,,,,,,,,,,,,,,,,,,,,,,,,,,,,,,,,,,,,,,,,
69,,"ถั่วแดงหลวง, เมล็ดแห้ง, ดิบ","Kidney bean, mature seeds, red, dried, raw",r,Phaseolus vulgaris,,,,2016.0,THAI/2016,,296,11.59,,6.25,,20.37,1.87,,36.77,,,,,,25.35,,4.06,,,,,6.86,,,,,,,,426,,,,,,,,,,1.32,2.64,,,,,,,,,,,,,,,,,,,,,,,,,,,,,,,,,,,,,,,,,,,,0,,0.84,0.17,0.42,,,,0,0.42,,,,,,,,,,,,,,,,,,,,,,,,,,,,,,,,,,,,,
70,,"ถั่วเขียว, เมล็ดแห้ง, ดิบ","Mungbean, mature seeds, dried, raw",r,Vigna radiata,,,,2016.0,THAI/2016,,302,10.1,,6.25,,22.98,1.59,,35.83,,,,,,26.1,,3.41,87,,,1.47,7,,1107,108,,,1,,357,,2.91,,,,,,0.79,,0.23,2.46,,,,,,,,,,,,,,,,,,,,,,,,,,,,,,,,,,,,,,,,,,,,0,,0.63,0.06,0.52,,,,0,0.52,,,,,,,,,,,,,,,,,,,,,,,,,,,,,,,,,,,,,
71,,"ถั่วเขียว, เมล็ด, ต้ม","Mungbean, mature seeds, boiled",p,Vigna radiata,,,,2016.0,THAI/2016,,114,70.07,,6.25,,2.9,0.15,,24.23,,,,,,2.2,,0.45,16,,,,0.5,,,,,,7,,,,,,,,,,0.07,,0,,,,,,,,,,,,,,,,,,,,,,,,,,,,,,,,,,,20.83,,,,,,,,,,,,,,,,,,,,,,,,,,,,,,,,,,,,,,,,,,,,,,,,,,,,,,,,
72,,"ถั่วเขียว, ปอกเปลือก, ผ่าซีก, ทอด","Mungbean, dehulled, split, deep-fried, salted",p,Vigna radiata,,,,2016.0,THAI/2016,,471,2.5,,6.25,,20.35,20.98,,47.42,,,,,,5.54,,3.21,34,,,,3.43,,899,90,,,225,,,,2.47,,,,,,0.09,,0.02,1.18,,,,,,,,,,,,,,,,,4,,,,,,,,,,,,,,,,,0.73,,,,,,,,,,0,,15.16,2.94,1.44,,,,0.25,1.19,,,,,,,,,,,,,,,,,,,,,,,,,,,,,,,,,,,,,
73,,"ถั่วเขียว, ปอกเปลือก, ผ่าซีก, นึ่ง","Mung bean, dehulled, split, steamed",p,Vigna radiata,,,,2016.0,THAI/2016,,177,54.71,,6.25,,12.01,1.78,,25.98,,,,,,4.31,,1.22,12,,,,2.16,,418,56,,,1,,,,1.31,,,,,,,,,,,,,,,,,,,,,,,,,,,,,,,,,,,,,,,,,,,0.11,,,,,,,,,,0,,0.66,0.14,0.85,,,,0.19,0.66,,,,,,,,,,,,,,,,,,,,,,,,,,,,,,,,,,,,,
74,,"ถั่วลันเตา, เมล็ดแห้ง, ดิบ","Pea, mature seeds, dried, raw",r,Pisum sativum,,,,2016.0,THAI/2016,,341,12.2,,6.25,,23.62,1,,,59.41,,,,,,,3.77,,,,,,,,,,,,,,,,,,,,,,,,,,,,,,,,,,,,,,,,,,,0,,,,,,,,,,,,,,,,,,,,,,,,,,,,,,,,,,,,,,,,,,,,,,,,,,,,,,,,,,,,,,,,,,,,,,,
75,,"ถั่วแขก, เมล็ดแห้ง, ดิบ","Snap bean, mature seeds, dried, raw",r,Phaseolus vulgaris,,,,2016.0,THAI/2016,,367,10.61,,6.25,,23.38,5.75,,,55.41,,,,,,,4.86,13,,,,,,,,,,,,253,,,,,,,,0.22,,0.73,2.1,,,,,,,,,,,,,,,,,,,,,,,,,,,,,,,,,,,,,,,,,,,,0,,0.86,1.08,2.47,,,,0,2.47,,,,,,,,,,,,,,,,,,,,,,,,,,,,,,,,,,,,,
76,11029,,"BEANS,KIDNEY,MATURE SEEDS,SPROUTED,RAW",p,Phaseolus vulgaris,,,,2015.0,USDA/SR28,,29,90.7,,6.25,,4.2,0.5,,,4.1,,,,,,,0.5,17,,,0.159,0.81,,187,21,0.182,,6,,37,0.6,0.4,,,,,,0.37,,0.25,2.92,,,0.368,0.085,,,0,38.7,,,0,59,,59,,,0,2,0,,,,,,,,,0,0,,,,,,,,,,,,,,,0,,0.072,0.039,0.276,,,,,,,,,,,,,,,,,,,,,,,,,174,228,546,48,512,144,118,186,302,239,44,212,169,224,176,44,144,216
77,11030,,"BEANS,KIDNEY,MATURE SEEDS,SPROUTED,CKD,BLD,DRND,WO/SALT",p,,,,,2015.0,USDA/SR28,,33,89.3,,6.25,,4.83,0.58,,,4.72,,,,,,,0.58,19,,,0.174,0.89,,194,23,0.199,,7,,38,0.6,0.44,,,,,,0.362,,0.273,3.024,,,0.381,0.093,,,0,35.6,,,0,47,,47,,,0,2,0,,,,,,,,0,0,0,,,,,,,,,,,,,,,0,,0.083,0.045,0.318,,,,,,,,,,,,,,,,,,,,,,,,,200,263,628,55,589,166,135,214,347,275,50,243,195,258,203,50,166,248
78,11043,,"MUNG BNS,MATURE SEEDS,SPROUTED,RAW",p,Vigna radiata,,,,2015.0,USDA/SR28,,30,90.4,,6.25,,3.04,0.18,,,5.94,,,,,1.8,,0.44,13,,,0.164,0.91,,149,21,0.188,,6,,54,0.6,0.41,,,,,,0.084,,0.124,0.749,,,0.38,0.088,,,0,13.2,,,0,61,,61,,,1,21,0,,,6,6,,6,0,0,0,0,,,0.1,33,4.13,,,,,,,,,,0,,0.046,0.022,0.058,,,,,,,,,,,,,,,,,,,,,,,,,99,197,479,17,161,63,70,132,175,166,34,117,,33,78,37,52,130
79,11044,,"MUNG BNS,MATURE SEEDS,SPROUTED,CKD,BLD,DRND,WO/SALT",p,,,,,2015.0,USDA/SR28,,21,93.39,,6.25,,2.03,0.09,,,4.19,,,,,0.8,,0.3,12,,,0.122,0.65,,101,14,0.14,,10,,28,0.6,0.47,,,,,,0.05,,0.102,0.817,,,0.243,0.054,,,0,11.4,,,0,29,,29,,,1,13,0,,,4,4,,4,0,,0,0,,,0.07,22.7,2.84,,,,,,,,,,0,,0.025,0.012,0.032,,,,,,,,,,,,,,,,,,,,,,,,,73,146,355,12,120,46,52,98,130,123,25,86,,24,58,28,38,97
80,11045,,"MUNG BNS,MATURE SEEDS,SPROUTED,CKD,STIR-FRIED",p,,,,,2015.0,USDA/SR28,,50,84.3,,6.25,,4.3,0.21,,,10.59,,,,,1.9,,0.6,13,,,0.255,1.9,,219,33,0.292,,9,,79,0.6,0.9,,,,,,0.14,,0.18,1.2,,,0.559,0.13,,,0,16,,,0,70,,70,,,2,31,0,,,,,,,,,0,0,,,,,,,,,,,,,,,0,,0.039,0.056,0.068,,,,,,,,,,,,,,,,,,,,,,,,,155,309,752,26,253,98,109,207,275,261,53,183,,,122,58,81,204
81,11046,,"BEANS,NAVY,MATURE SEEDS,SPROUTED,RAW",p,Phaseolus vulgaris,,,,2015.0,USDA/SR28,,67,79.15,,6.25,,6.15,0.7,,,13.05,,,,,,,0.95,15,,,0.356,1.93,,307,101,0.408,,13,,100,0.6,0.89,,,,,,0.39,,0.215,1.22,,,0.825,0.191,,,0,18.8,,,0,132,,132,,,0,4,0,,,,,,,,,0,0,,,,,,,,,,,,,,,0,,0.085,0.052,0.407,,,,,,,,,,,,,,,,,,,,,,,,,255,335,799,70,750,212,172,273,442,350,64,310,248,329,258,64,212,316
82,11047,,"BEANS,NAVY,MATURE SEEDS,SPROUTED,CKD,BLD,DRND,WO/SALT",p,,,,,2015.0,USDA/SR28,,78,76.02,,6.25,,7.07,0.81,,,15.01,,,,,,,1.09,16,,,0.389,2.11,,317,111,0.446,,14,,103,0.6,0.97,,,,,,0.381,,0.235,1.263,,,0.854,0.198,,,0,17.3,,,0,106,,106,,,0,4,0,,,,,,,,,0,0,,,,,,,,,,,,,,,0,,0.098,0.06,0.468,,,,,,,,,,,,,,,,,,,,,,,,,293,385,919,80,863,243,198,314,508,403,74,357,285,378,297,74,243,363
83,11248,,"LENTILS,SPROUTED,RAW",p,Lens culinaris,,,,2015.0,USDA/SR28,,106,67.34,,6.25,,8.96,0.55,,,22.14,,,,,,,1,25,,,0.352,3.21,,322,37,0.506,,11,,173,0.6,1.51,,,,,,0.228,,0.128,1.128,,,0.578,0.19,,,0,16.5,,,0,100,,100,,,2,45,0,,,,,,,,,0,0,,,,,,,,,,,,,,,0,,0.057,0.104,0.219,,,,,,,,,,,,,,,,,,,,,,,,,356,611,1433,334,1258,319,257,326,628,712,105,442,356,495,328,,252,399
84,11249,,"LENTILS,SPROUTED,CKD,STIR-FRIED,WO/SALT",p,,,,,2015.0,USDA/SR28,,101,68.7,,6.25,,8.8,0.45,,,21.25,,,,,,,0.8,14,,,0.337,3.1,,284,35,0.502,,10,,153,0.6,1.6,,,,,,0.22,,0.09,1.2,,,0.571,0.164,,,0,12.6,,,0,67,,67,,,2,41,0,,,,,,,,,0,0,,,,,,,,,,,,,,,0,,0.053,0.095,0.201,,,,,,,,,,,,,,,,,,,,,,,,,349,600,1407,328,1235,313,252,320,617,698,103,434,349,486,322,,248,391
85,11316,,"PEAS,MATURE SEEDS,SPROUTED,RAW",p,,,,,2015.0,USDA/SR28,,124,62.27,,6.25,,8.8,0.68,,,27.11,,,,,,,1.14,36,,,0.272,2.26,,381,56,0.438,,20,,165,0.6,1.05,,,,,,0.225,,0.155,3.088,,,1.029,0.265,,,0,10.4,,,0,144,,144,,,,166,,,,,,,,,,0,0,,,,,,,,,,,,,,,0,,0.124,0.061,0.326,,,,,,,,,,,,,,,,,,,,,,,,,245,484,656,155,1016.9999999999999,208,167,171,365,384,69,251,277,299,186,,127,220
86,11317,,"PEAS,MATURE SEEDS,SPROUTED,CKD,BLD,DRND,WO/SALT",p,,,,,2015.0,USDA/SR28,,98,74.37,,6.25,,7.05,0.51,,,17.08,,,,,,,0.99,26,,,0.02,1.67,,268,41,0.325,,3,,24,0.6,0.78,,,,,,0.216,,0.285,1.072,,,0.683,0.128,,,0,6.6,,,0,36,,36,,,5,107,0,,,,,,,,0,0,0,,,,,,,,,,,,,,,0,,0.09,0.045,0.24,,,,,,,,,,,,,,,,,,,,,,,,,317,627,849,200,1317,270,217,221,473,497,89,325,359,386,240,,164,285
87,11626,,"BEANS,MUNG,MATURE SEEDS,SPROUTED,CND,DRND SOL",p,,,,,2015.0,USDA/SR28,,12,96.1,,6.25,,1.4,0.06,,,2.14,,,,,0.8,,0.3,14,,,0.157,0.43,,27,9,0.073,,42,,32,0.6,0.28,,,,,,0.03,,0.07,0.22,,,0.143,0.032,,,0,0.3,,,0,10,,10,,,0,8,0,,,2,2,,2,0,,0,0,,,0.04,13.4,0.7,,,,,,,,,,0,,0.016,0.008,0.02,,,,,,,,,,,,,,,,,,,,,,,,,50,101,245,9,82,32,36,67,89,85,17,60,,17,40,19,26,67
88,11653,,"BEANS,PINTO,MATURE SEEDS,SPROUTED,RAW",p,Phaseolus vulgaris,,,,2015.0,USDA/SR28,,62,81.3,,6.25,,5.25,0.9,,,11.6,,,,,,,0.95,43,,,0.32,1.97,,307,53,0.366,,153,,94,0.6,0.5,,,,,,0.23,,0.175,2.28,,,0.74,0.171,,,0,21.7,,,0,118,,118,,,0,2,0,,,,,,,,,0,0,,,,,,,,,,,,,,,0,,0.109,0.067,0.523,,,,,,,,,,,,,,,,,,,,,,,,,218,286,682,60,640,181,147,233,377,299,55,265,212,281,220,55,181,270
89,11654,,"BEANS,PINTO,MATURE SEEDS,SPROUTED,CKD,BLD,DRND,WO/SALT",p,,,,,2015.0,USDA/SR28,,22,93.39,,6.25,,1.86,0.32,,,4.1,,,,,,,0.34,15,,,0.107,0.66,,98,18,0.123,,51,,30,0.6,0.17,,,,,,0.067,,0.059,0.725,,,0.235,0.054,,,0,6.1,,,0,29,,29,,,0,1,0,,,,,,,,,0,0,,,,,,,,,,,,,,,0,,0.039,0.024,0.185,,,,,,,,,,,,,,,,,,,,,,,,,77,101,241,21,226,64,52,82,133,106,19,94,75,99,78,19,64,95
90,11713,,"BEANS,KIDNEY,MATURE SEEDS,SPROUTED,CKD,BLD,DRND,W/SALT",p,,,,,2015.0,USDA/SR28,,33,89.3,,6.25,,4.83,0.58,,,4.72,,,,,,,0.58,19,,,0.174,0.89,,194,23,0.199,,243,,38,0.6,0.44,,,,,,0.362,,0.273,3.024,,,0.381,0.093,,,0,35.6,,,0,47,,47,,,0,2,0,,,,,,,,0,0,0,,,,,,,,,,,,,,,0,,0.083,0.045,0.318,,,,,,,,,,,,,,,,,,,,,,,,,200,263,628,55,589,166,135,214,347,275,50,243,195,258,203,50,166,248
91,11718,,"MUNG BNS,MATURE SEEDS,SPROUTED,CKD,BLD,DRND,W/SALT",p,,,,,2015.0,USDA/SR28,,19,93.39,,6.25,,2.03,0.09,,,3.6,,,,,0.8,,0.89,12,,,0.122,0.65,,101,14,0.14,,246,,28,0.6,0.47,,,,,,0.05,,0.102,0.817,,,0.243,0.054,,,0,11.4,,,0,29,,29,,,1,13,0,,,4,4,,4,0,,0,0,,,0.07,22.7,2.84,,,,,,,,,,0,,0.025,0.012,0.032,,,,,,,,,,,,,,,,,,,,,,,,,73,146,355,12,120,46,52,98,130,123,25,86,,24,58,28,38,97
92,11719,,"BEANS,NAVY,MATURE SEEDS,SPROUTED,CKD,BLD,DRND,W/SALT",p,,,,,2015.0,USDA/SR28,,78,76.02,,6.25,,7.07,0.81,,,15.01,,,,,,,1.09,16,,,0.389,2.11,,317,111,0.446,,250,,103,0.6,0.97,,,,,,0.381,,0.235,1.263,,,0.854,0.198,,,0,17.3,,,0,106,,106,,,0,4,0,,,,,,,,,0,0,,,,,,,,,,,,,,,0,,0.098,0.06,0.468,,,,,,,,,,,,,,,,,,,,,,,,,293,385,919,80,863,243,198,314,508,403,74,357,285,378,297,74,243,363
93,11721,,"BEANS,PINTO,MATURE SEEDS,SPROUTED,CKD,BLD,DRND,W/SALT",p,,,,,2015.0,USDA/SR28,,20,93.39,,6.25,,1.86,0.32,,,3.5,,,,,,,0.93,15,,,0.107,0.66,,98,18,0.123,,287,,30,0.6,0.17,,,,,,0.067,,0.059,0.725,,,0.235,0.054,,,0,6.1,,,0,29,,29,,,0,0,0,,,,,,,,,0,0,,,,,,,,,,,,,,,0,,0.039,0.024,0.185,,,,,,,,,,,,,,,,,,,,,,,,,77,101,241,21,226,64,52,82,133,106,19,94,75,99,78,19,64,95
94,11815,,"PEAS,MATURE SEEDS,SPROUTED,CKD,BLD,DRND,W/SALT",p,,,,,2015.0,USDA/SR28,,98,74.37,,6.25,,7.05,0.51,,,17.08,,,,,,,0.99,26,,,0.02,1.67,,268,41,0.325,,239,,24,0.6,0.78,,,,,,0.216,,0.285,1.072,,,0.683,0.128,,,0,6.6,,,0,36,,36,,,5,107,0,,,,,,,,,0,0,,,,,,,,,,,,,,,0,,0.09,0.045,0.24,,,,,,,,,,,,,,,,,,,,,,,,,317,627,849,200,1317,270,217,221,473,497,89,325,359,386,240,,164,285
95,11926,,"LENTILS,SPROUTED,CKD,STIR-FRIED,W/SALT",p,,,,,2015.0,USDA/SR28,,101,68.7,,6.25,,8.8,0.45,,,21.25,,,,,,,0.8,14,,,0.337,3.1,,284,35,0.502,,246,,153,0.6,1.6,,,,,,0.22,,0.09,1.2,,,0.571,0.164,,,0,12.6,,,0,67,,67,,,2,41,0,,,,,,,,,0,0,,,,,,,,,,,,,,,0,,0.053,0.095,0.201,,,,,,,,,,,,,,,,,,,,,,,,,349,600,1407,328,1235,313,252,320,617,698,103,434,349,486,322,,248,391
96,16001,,"BEANS,ADZUKI,MATURE SEEDS,RAW",r,Vigna angularis,,,,2015.0,USDA/SR28,,329,13.44,,6.25,,19.87,0.53,,,62.9,,,,,12.7,,3.26,66,,,1.094,4.98,,1254,127,1.73,,5,,381,3.1,5.04,,,,,,0.455,,0.22,2.63,,,1.471,0.351,,,0,0,,,0,622,,622,,,1,17,0,,,,,,,,,0,0,,,,,,,,,,,,,,,0,,0.191,0.05,0.113,,,,,,,,,,,,,,,,,,,,,,,,,1160,1284,2355,184,3099,756,524,791,1668,1497,210,1052,874,976,674,191,591,1022.9999999999999
97,16002,,"BEANS,ADZUKI,MATURE SEEDS,CKD,BLD,WO/SALT",p,,,,,2015.0,USDA/SR28,,128,66.29,,6.25,,7.52,0.1,,,24.77,,,,,7.3,,1.33,28,,,0.298,2,,532,52,0.573,,8,,168,1.2,1.77,,,,,,0.115,,0.064,0.717,,,0.43,0.096,,,0,0,,,0,121,,121,,,0,6,0,,,,,,,,,0,0,,,,,,,,,,,,,,,0,,0.036,0.009,0.021,,,,,,,,,,,,,,,,,,,,,,,,,439,486,891,70,1173,286,198,300,632,567,79,398,331,369,255,72,224,387
98,16003,,"BEANS,ADZUKI,MATURE SEEDS,CND,SWTND",p,,,,,2015.0,USDA/SR28,,237,40.58,,6.25,,3.8,0.03,,,55.01,,,,,,,0.58,22,,,0.265,1.13,,119,31,0.504,,218,,74,3.2,1.56,,,,,,0.101,,0.056,0.631,,,0.378,0.084,,,0,0,,,0,107,,107,,,0,5,0,,,,,,,,,0,0,,,,,,,,,,,,,,,0,,0.011,0.003,0.006,,,,,,,,,,,,,,,,,,,,,,,,,222,246,451,35,593,145,100,151,319,286,40,201,167,187,129,36,113,196
99,16005,,"BEANS,BAKED,HOME PREPARED",p,,,,,2015.0,USDA/SR28,,155,65.17,,6.25,,5.54,5.15,,,21.63,,,,,5.5,,2.51,61,,,0.159,1.99,,358,43,0.255,,422,,109,5.7,0.73,,,,,,0.136,,0.049,0.408,,,0.155,0.09,,,0,1.1,,,0,48,,48,,,0,0,0,,,,,,,,511,0,0,,,,,,,,,,,,,,,5,,1.948,2.133,0.74,,,,,,,,,,,,,,,,,,,,,,,,,236,356,637,62,841,232,153,242,428,379,86,287,239,288,228,67,155,282
100,16014,,"BEANS,BLACK,MATURE SEEDS,RAW",r,Phaseolus vulgaris,,,,2015.0,USDA/SR28,,341,11.02,,6.25,,21.6,1.42,,,62.36,,,,,15.5,,3.6,123,,,0.841,5.02,,1483,171,1.06,,5,,352,3.2,3.65,,,,,,0.9,,0.193,1.955,,,0.899,0.286,,,0,0,,,0,444,,444,,,0,108,0,,,0,0,,0,0,0,0,0,,,0.21,5.6,7.96,,,,,,,,,,0,,0.366,0.123,0.61,,,,,,,,,,,,,,,,,,,,,,,,,905,1337,2613,235,3294,843,601,954,1725,1483,325,1168,916,1175,909,256,608,1130
101,16015,,"BEANS,BLACK,MATURE SEEDS,CKD,BLD,WO/SALT",p,,,,,2015.0,USDA/SR28,,132,65.74,,6.25,,8.86,0.54,,,23.71,,,,,8.7,,1.15,27,,,0.209,2.1,,355,70,0.444,,1,,140,1.2,1.12,,,,,,0.244,,0.059,0.505,,,0.242,0.069,,,0,0,,,0,149,,149,,,0,17,0,,,0,0,,0,0,0,0,0,,,0.87,3.3,2.12,,,,,,,,,,0,,0.139,0.047,0.231,,,,,,,,,,,,,,,,,,,,,,,,,372,549,1072,96,1351,346,247,391,708,608,133,479,376,482,373,105,250,464
102,16016,,"BEANS,BLACK TURTLE,MATURE SEEDS,RAW",r,,,,,2015.0,USDA/SR28,,339,11,,6.25,,21.25,0.9,,,63.25,,,,,15.5,,3.6,160,,,1,8.7,,1500,160,1,,9,,440,3.2,2.2,,,,,,0.9,,0.193,1.955,,,0.899,0.286,,,0,0,,,0,444,,444,,,0,6,0,,,0,0,,0,0,0,0,0,,,0.21,5.6,0.32,,,,,,,,,,0,,0.232,0.078,0.387,,,,,,,,,,,,,,,,,,,,,,,,,891,1316,2570,231,3240,830,592,938,1697,1459,320,1149,901,1156,894,252,598,1112
103,16017,,"BEANS,BLACK TURTLE,MATURE SEEDS,CKD,BLD,WO/ SALT",p,,,,,2015.0,USDA/SR28,,130,65.74,,6.25,,8.18,0.35,,,24.35,,,,,8.3,,1.38,55,,,0.269,2.85,,433,49,0.327,,3,,152,1.2,0.76,,,,,,0.225,,0.056,0.527,,,0.26,0.077,,,0,0,,,0,86,,86,,,0,17,0,,,0,0,,0,0,0,0,0,,,0.87,3.3,2.12,,,,,,,,,,0,,0.089,0.03,0.149,,,,,,,,,,,,,,,,,,,,,,,,,343,507,990,89,1247,319,228,361,653,562,123,442,347,445,344,97,230,428
104,16018,,"BEANS,BLACK TURTLE,MATURE SEEDS,CND",p,,,,,2015.0,USDA/SR28,,91,75.64,,6.25,,6.03,0.29,,,16.55,,,,,6.9,,1.49,35,,,0.192,1.9,,308,35,0.233,,384,,108,1.3,0.54,,,,,,0.14,,0.12,0.62,,,0.184,0.055,,,0,2.7,,,0,61,,61,,,0,6,0,,,0,0,,0,0,,0,0,,,0.62,2.3,0.32,,,,,,,,,,0,,0.075,0.025,0.125,,,,,,,,,,,,,,,,,,,,,,,,,274,331,755,56,969,244,166,285,512,422,79,356,345,378,222,72,143,348
105,16019,,"BEANS,CRANBERRY (ROMAN),MATURE SEEDS,RAW",r,Phaseolus vulgaris,,,,2015.0,USDA/SR28,,335,12.39,,6.25,,23.03,1.23,,,60.05,,,,,24.7,,3.31,127,,,0.794,5,,1332,156,0.92,,6,,372,12.7,3.63,,,,,,0.747,,0.213,1.455,,,0.748,0.309,,,0,0,,,0,604,,604,,,0,4,0,,,,,,,,,0,0,,,,,0.23,,,,,,,,,,0,,0.316,0.106,0.527,,,,,,,,,,,,,,,,,,,,,,,,,965,1426,2785,251,3511,899,641,1016.9999999999999,1838,1580,346,1245,976,1253,969,273,648,1205
106,16020,,"BEANS,CRANBERRY (ROMAN),MATURE SEEDS,CKD,BLD,WO/SALT",p,,,,,2015.0,USDA/SR28,,136,64.65,,6.25,,9.34,0.46,,,24.46,,,,,8.6,,1.09,50,,,0.231,2.09,,387,50,0.37,,1,,135,1.3,1.14,,,,,,0.21,,0.069,0.515,,,0.24,0.081,,,0,0,,,0,207,,207,,,,2,0,,,,,,,,,0,0,,,,,,,,,,,,,,,0,,0.119,0.04,0.199,,,,,,,,,,,,,,,,,,,,,,,,,391,578,1129,102,1424,365,260,412,746,641,140,505,396,508,393,111,263,489
107,16021,,"BEANS,CRANBERRY (ROMAN),MATURE SEEDS,CND",p,,,,,2015.0,USDA/SR28,,83,77.56,,6.25,,5.54,0.28,,,15.12,,,,,6.3,,1.5,34,,,0.142,1.55,,260,32,0.2,,332,,86,3.1,0.84,,,,,,0.039,,0.039,0.504,,,0.144,0.055,,,0,0.8,,,0,77,,77,,,0,0,0,,,,,,,,,0,0,,,,,,,,,,,,,,,0,,0.072,0.024,0.12,,,,,,,,,,,,,,,,,,,,,,,,,232,343,671,60,845,216,154,245,443,381,83,300,235,302,233,66,156,290
108,16022,,"BEANS,FRENCH,MATURE SEEDS,RAW",r,Phaseolus vulgaris,,,,2015.0,USDA/SR28,,343,10.77,,6.25,,18.81,2.02,,,64.11,,,,,25.2,,4.3,186,,,0.44,3.4,,1316,188,1.2,,18,,304,12.9,1.9,,,,,,0.535,,0.221,2.083,,,0.789,0.401,,,0,4.6,,,0,399,,399,,,0,0,0,,,,,,,,,0,0,,,,,,,,,,,,,,,0,,0.221,0.138,1.207,,,,,,,,,,,,,,,,,,,,,,,,,789,1165,2276,205,2869,734,524,831,1502,1291,283,1016.9999999999999,798,1022.9999999999999,792,223,530,984
109,16023,,"BEANS,FRENCH,MATURE SEEDS,CKD,BLD,WO/SALT",p,,,,,2015.0,USDA/SR28,,129,66.57,,6.25,,7.05,0.76,,,24.02,,,,,9.4,,1.61,63,,,0.115,1.08,,370,56,0.382,,6,,102,1.2,0.64,,,,,,0.13,,0.062,0.546,,,0.222,0.105,,,0,1.2,,,0,75,,75,,,0,8,0,,,,,,,,0,0,0,,,,,,,,,,,,,,,0,,0.083,0.052,0.453,,,,,,,,,,,,,,,,,,,,,,,,,296,437,853,77,1075,275,196,311,563,484,106,381,299,384,297,83,199,369
110,16024,,"BEANS,GREAT NORTHERN,MATURE SEEDS,RAW",r,Phaseolus vulgaris,,,,2015.0,USDA/SR28,,339,10.7,,6.25,,21.86,1.14,,,62.37,,,,,20.2,,3.93,175,,,0.837,5.47,,1387,189,1.423,,14,,447,12.9,2.31,,,,,,0.653,,0.237,1.955,,,1.098,0.447,,,0,5.3,,,0,482,,482,,,0,3,0,,,0,0,,0,0,,0,0,,,0.22,6,,,,,,,,,,,0,,0.356,0.053,0.477,,,,,,,,,,,,,,,,,,,,,,,,,916,1353,2644,238,3333,853,608,965,1745,1500,329,1182,927,1189,920,259,615,1144
111,16025,,"BEANS,GREAT NORTHERN,MATURE SEEDS,CKD,BLD,WO/SALT",p,,,,,2015.0,USDA/SR28,,118,69,,6.25,,8.33,0.45,,,21.09,,,,,7,,1.14,68,,,0.247,2.13,,391,50,0.518,,2,,165,4.1,0.88,,,,,,0.158,,0.059,0.681,,,0.266,0.117,,,0,1.3,,,0,102,,102,,,0,0,0,,,,,,,,0,0,0,,,,,2.26,,,,,,,,,,0,,0.14,0.021,0.187,,,,,,,,,,,,,,,,,,,,,,,,,349,516,1008,91,1270,325,232,368,665,572,125,451,353,453,351,99,235,436
112,16026,,"BEANS,GREAT NORTHERN,MATURE SEEDS,CND",p,,,,,2015.0,USDA/SR28,,114,69.89,,6.25,,7.37,0.39,,,21.02,,,,,4.9,,1.33,53,,,0.16,1.57,,351,51,0.408,,370,,136,4.1,0.65,,,,,,0.143,,0.06,0.461,,,0.278,0.106,,,0,1.3,,,0,81,,81,,,0,1,0,,,0,0,,0,0,0,0,0,,,0.79,3,,,,,,,,,,,0,,0.12,0.018,0.161,,,,,,,,,,,,,,,,,,,,,,,,,335,404,923,69,1184,298,202,349,626,516,96,435,421,462,271,88,174,425
113,16027,,"BEANS,KIDNEY,ALL TYPES,MATURE SEEDS,RAW",r,Phaseolus vulgaris,,,,2015.0,USDA/SR28,,333,11.75,,6.25,,23.58,0.83,,,60.01,,,,,24.9,,3.83,143,,,0.958,8.2,,1406,140,1.021,,24,,407,3.2,2.79,,,,,,0.529,,0.219,2.06,,,0.78,0.397,,,0,4.5,,,0,394,,394,,,0,1,0,,,0,0,,0,0,0,0,0,,,0.22,19,1.41,,,,,,,,,,0,,0.12,0.064,0.457,,,,,,,,,,,,,,,,,,,,,,,,,988,1460,2852,256,3595,920,656,1041,1882,1618,355,1275,1000,1282,992,279,664,1233
114,16028,,"BEANS,KIDNEY,ALL TYPES,MATURE SEEDS,CKD,BLD,WO/SALT",p,,,,,2015.0,USDA/SR28,,127,66.94,,6.25,,8.67,0.5,,,22.8,,,,,6.4,,1.09,35,,,0.216,2.22,,405,42,0.43,,1,,138,1.1,1,,,,,,0.16,,0.058,0.578,,,0.22,0.12,,,0,1.2,,,0,130,,130,,,0,0,0,,,0,0,,0,0,,0,0,,,0.03,8.4,2.23,,,,,,,,,,0,,0.073,0.039,0.278,,,,,,,,,,,,,,,,,,,,,,,,,394,475,1086,81,1393,351,238,410,736,607,113,511,496,544,319,104,205,500
115,16029,,"BEANS,KIDNEY,ALL TYPES,MATURE SEEDS,CND",p,,,,,2015.0,USDA/SR28,,84,78.04,,6.25,,5.22,0.6,,,14.5,,,,,4.3,,1.64,34,,,0.135,1.17,,237,27,0.168,,296,,90,0.9,0.46,,,,,,0.116,,0.051,0.411,,,0.138,0.074,,,0,1.2,,,0,36,,36,,,,0,0,,,,,,,,,0,0,,,0.02,4.1,0.32,,,,,,,,,,0,,0.141,0.382,0.263,,,,,,,,,,,,,,,,,,,,,,,,,238,287,656,49,842,212,144,248,445,367,68,309,300,329,193,63,124,302
116,16030,,"BEANS,KIDNEY,CALIFORNIA RED,MATURE SEEDS,RAW",r,Phaseolus vulgaris,,,,2015.0,USDA/SR28,,330,11.75,,6.25,,24.37,0.25,,,59.8,,,,,24.9,,3.83,195,,,1.1,9.35,,1490,160,1,,11,,405,3.2,2.55,,,,,,0.529,,0.219,2.06,,,0.78,0.397,,,0,4.5,,,0,394,,394,,,0,0,0,,,,,,,,,0,0,,,,,1.85,,,,,,,,,,0,,0.036,0.019,0.138,,,,,,,,,,,,,,,,,,,,,,,,,1022,1509,2948,265,3717,952,679,1076,1946,1673,367,1318,1034,1326,1026,289,686,1275
117,16031,,"BEANS,KIDNEY,CALIFORNIA RED,MATURE SEEDS,CKD,BLD,WO/SALT",p,,,,,2015.0,USDA/SR28,,124,66.93,,6.25,,9.13,0.09,,,22.41,,,,,9.3,,1.44,66,,,0.289,2.98,,419,48,0.318,,4,,137,1.2,0.86,,,,,,0.129,,0.062,0.54,,,0.219,0.104,,,0,1.2,,,0,74,,74,,,0,8,0,,,,,,,,0,0,0,,,,,,,,,,,,,,,0,,0.014,0.007,0.052,,,,,,,,,,,,,,,,,,,,,,,,,383,565,1105,99,1392,356,254,403,729,627,137,494,387,497,384,108,257,478
118,16032,,"BEANS,KIDNEY,RED,MATURE SEEDS,RAW",r,Phaseolus vulgaris,,,,2015.0,USDA/SR28,,337,11.75,,6.25,,22.53,1.06,,,61.29,,,,,15.2,,3.37,83,,,0.699,6.69,,1359,138,1.111,,12,,406,3.2,2.79,,,,,,0.608,,0.215,2.11,,,0.78,0.397,,,0,4.5,,,0,394,,394,,,0,3,0,,,0,0,,0,0,0,0,0,,,0.21,5.6,,,,,,,,,,,0,,0.154,0.082,0.586,,,,,,,,,,,,,,,,,,,,,,,,,945,1395,2725,245,3436,880,627,995,1799,1547,339,1218,955,1226,948,267,634,1179
119,16033,,"BEANS,KIDNEY,RED,MATURE SEEDS,CKD,BLD,WO/SALT",p,,,,,2015.0,USDA/SR28,,127,66.94,,6.25,,8.67,0.5,,,22.8,,,,,7.4,,1.09,28,,,0.242,2.94,,403,45,0.477,,2,,142,1.2,1.07,,,,,,0.16,,0.058,0.578,,,0.22,0.12,,,0,1.2,,,0,130,,130,,,0,0,0,,,0,0,,0,0,0,0,0,,,0.03,8.4,2.1,,,,,,,,,,0,,0.072,0.039,0.275,,,,,,,,,,,,,,,,,,,,,,,,,364,537,1049,94,1323,339,242,383,693,595,130,469,368,472,365,103,244,454
120,16034,,"BEANS,KIDNEY,RED,MATURE SEEDS,CND,SOL & LIQUIDS",p,,,,,2015.0,USDA/SR28,,81,77.96,,6.25,,5.22,0.36,,,14.83,,,,,4.3,,1.64,29,,,0.147,1.25,,260,30,0.291,,256,,106,1.1,0.62,,,,,,0.106,,0.067,0.494,,,0.13,0.08,,,0,0.8,,,0,23,,23,,,0,0,0,,,0,0,,0,0,,0,0,,,0.02,4.1,0.32,,,,,,,,,,0,,0.125,0.147,0.174,,,,,,,,,,,,,,,,,,,,,,,,,244,295,673,50,863,218,148,254,456,376,70,317,307,337,197,64,127,310
121,16035,,"BEANS,KIDNEY,ROYAL RED,MATURE SEEDS,RAW",r,Phaseolus vulgaris,,,,2015.0,USDA/SR28,,329,11.9,,6.25,,25.33,0.45,,,58.33,,,,,24.9,,4,131,,,1,8.7,,1346,138,1.109,,13,,406,3.2,2.66,,,,,,0.39,,0.24,2.106,,,0.779,0.396,,,0,4.5,,,0,393,,393,,,0,0,0,,,,,,,,,0,0,,,,,1.85,,,,,,,,,,0,,0.065,0.035,0.249,,,,,,,,,,,,,,,,,,,,,,,,,1062,1568,3063,276,3862,989,705,1118,2021.9999999999998,1738,381,1370,1074,1378,1066,300,713,1325
122,16036,,"BEANS,KIDNEY,ROYAL RED,MATURE SEEDS,CKD,BLD,WO/SALT",p,,,,,2015.0,USDA/SR28,,123,66.99,,6.25,,9.49,0.17,,,21.85,,,,,9.3,,1.5,44,,,0.262,2.77,,378,42,0.255,,5,,142,1.2,0.9,,,,,,0.095,,0.067,0.552,,,0.219,0.104,,,0,1.2,,,0,74,,74,,,0,8,0,,,,,,,,0,0,0,,,,,,,,,,,,,,,0,,0.024,0.013,0.093,,,,,,,,,,,,,,,,,,,,,,,,,398,587,1148,103,1447,370,264,419,757,651,143,513,402,516,399,112,267,496
123,16037,,"BEANS,NAVY,MATURE SEEDS,RAW",r,Phaseolus vulgaris,,,,2015.0,USDA/SR28,,337,12.1,,6.25,,22.33,1.5,,,60.75,,,,,15.3,,3.32,147,,,0.834,5.49,,1185,175,1.418,,5,,407,11,3.65,,,,,,0.775,,0.164,2.188,,,0.744,0.428,,,0,,,,0,364,,364,,,0,3,0,,,0,0,,0,0,0,0,0,,,0.02,2.5,,,,,,,,,,,,,0.17,0.128,0.873,,,,,,,,,,,,,,,,,,,,,,,,,908,1020,2598,187,3098,801,507,952,1723,1280,273,1158,1117,1180,711,247,484,1241
124,16038,,"BEANS,NAVY,MATURE SEEDS,CKD,BLD,WO/SALT",p,,,,,2015.0,USDA/SR28,,140,63.81,,6.25,,8.23,0.62,,,26.05,,,,,10.5,,1.3,69,,,0.21,2.36,,389,53,0.527,,0,,144,2.9,1.03,,,,,,0.237,,0.066,0.649,,,0.266,0.138,,,0,0.9,,,0,140,,140,,,0,0,0,,,0,0,,0,0,0,0,0,,,0.01,0.6,3.88,,,,,,,,,,,,0.098,0.142,0.49,,,,,,,,,,,,,,,,,,,,,,,,,369,415,1056,76,1259,326,206,387,700,520,111,471,454,479,289,100,197,504
125,16039,,"BEANS,NAVY,MATURE SEEDS,CND",p,,,,,2015.0,USDA/SR28,,113,70.45,,6.25,,7.53,0.43,,,20.45,,,,,5.1,,1.14,47,,,0.208,1.85,,288,47,0.375,,336,,134,5.8,0.77,,,,,,0.141,,0.055,0.487,,,0.172,0.103,,,0,0.7,,,0,62,,62,,,0,0,0,,,0,0,,0,0,0,0,0,,,0.78,2.9,0.37,,,,,,,,,,0,,0.112,0.038,0.186,,,,,,,,,,,,,,,,,,,,,,,,,342,413,943,71,1210,305,207,356,639,527,98,444,431,472,277,90,178,434
126,16040,,"BEANS,PINK,MATURE SEEDS,RAW",r,Phaseolus vulgaris,,,,2015.0,USDA/SR28,,343,10.06,,6.25,,20.96,1.13,,,64.19,,,,,12.7,,3.66,130,,,0.81,6.77,,1464,182,1.376,,8,,415,13,2.55,,,,,,0.772,,0.192,1.892,,,0.997,0.527,,,0,0,,,0,463,,463,,,0,1,0,,,0,0,,0,0,0,0,0,,,0.21,5.7,0.28,,,,,,,,,,0,,0.292,0.098,0.487,,,,,,,,,,,,,,,,,,,,,,,,,878,1298,2535,228,3195,818,583,925,1673,1438,315,1133,889,1140,882,248,590,1096
127,16041,,"BEANS,PINK,MATURE SEEDS,CKD,BLD,WO/SALT",p,,,,,2015.0,USDA/SR28,,149,61.2,,6.25,,9.06,0.49,,,27.91,,,,,5.3,,1.34,52,,,0.271,2.3,,508,65,0.548,,2,,165,1.4,0.96,,,,,,0.257,,0.063,0.57,,,0.299,0.175,,,0,0,,,0,168,,168,,,0,0,0,,,0,0,,0,0,0,0,0,,,0.98,3.7,2.14,,,,,,,,,,0,,0.126,0.042,0.21,,,,,,,,,,,,,,,,,,,,,,,,,380,561,1095,99,1381,354,252,400,723,622,136,490,384,493,381,107,255,474
128,16042,,"BEANS,PINTO,MATURE SEEDS,RAW",r,Phaseolus vulgaris,,,,2015.0,USDA/SR28,,347,11.33,,6.25,,21.42,1.23,,,62.55,,,,,15.5,,3.46,113,,,0.893,5.07,,1393,176,1.148,,12,,411,27.9,2.28,,,,,,0.713,,0.212,1.174,,,0.785,0.474,,,0,6.3,,,0,525,,525,,,0,0,0,,,0,0,,0,0,0,0,0,,,0.21,5.6,0.36,,,,,,,,,,0,,0.235,0.229,0.407,,,,,,,,,,,,,,,,,,,,,,,,,872,1096,2268,187,3027,796,556,871,1558,1356,259,1095,1072,1171,810,237,427,998
129,16043,,"BEANS,PINTO,MATURE SEEDS,CKD,BLD,WO/SALT",p,,,,,2015.0,USDA/SR28,,143,62.95,,6.25,,9.01,0.65,,,26.22,,,,,9,,1.17,46,,,0.219,2.09,,436,50,0.453,,1,,147,6.2,0.98,,,,,,0.193,,0.062,0.318,,,0.21,0.229,,,0,0.8,,,0,172,,172,,,0,0,0,,,0,0,,0,0,,0,0,,,0.94,3.5,2.11,,,,,,,,,,0,,0.136,0.133,0.235,,,,,,,,,,,,,,,,,,,,,,,,,409,494,1128,84,1447,365,247,426,765,630,117,531,515,565,331,108,213,519
130,16044,,"BEANS,PINTO,MATURE SEEDS,CND,SOL & LIQUIDS",p,,,,,2015.0,USDA/SR28,,82,78.19,,6.25,,4.6,0.56,,,15.18,,,,,4.6,,1.48,47,,,0.162,1.47,,276,33,0.318,,268,,92,,0.56,,,,,,0.052,,0.016,0.268,,,0.136,0.074,,,0,0.7,,,0,24,,24,,,0,0,0,,,0,0,,0,,,0,0,,,0.55,2.1,0.34,,,,,,,,,,0,,0.123,0.114,0.203,,,,,,,,,,,,,,,,,,,,,,,,,189,238,492,40,656,172,120,189,338,294,56,237,232,254,176,51,93,216
131,16045,,"BEANS,SML WHITE,MATURE SEEDS,RAW",r,Phaseolus vulgaris,,,,2015.0,USDA/SR28,,336,11.71,,6.25,,21.11,1.18,,,62.25,,,,,24.9,,3.75,173,,,0.635,7.73,,1542,183,1.278,,12,,445,12.8,2.81,,,,,,0.743,,0.207,1.342,,,0.729,0.439,,,0,0,,,0,386,,386,,,0,0,0,,,,,,,,,0,0,,,,,1.02,,,,,,,,,,0,,0.304,0.102,0.507,,,,,,,,,,,,,,,,,,,,,,,,,885,1307,2553,230,3218,824,588,932,1685,1449,317,1141,895,1148,888,250,594,1104
132,16046,,"BEANS,SML WHITE,MATURE SEEDS,CKD,BLD,WO/SALT",p,,,,,2015.0,USDA/SR28,,142,63.24,,6.25,,8.97,0.64,,,25.81,,,,,10.4,,1.34,73,,,0.149,2.84,,463,68,0.51,,2,,169,1.3,1.09,,,,,,0.236,,0.059,0.272,,,0.251,0.127,,,0,0,,,0,137,,137,,,0,0,0,,,,,,,,,0,0,,,,,,,,,,,,,,,0,,0.166,0.056,0.276,,,,,,,,,,,,,,,,,,,,,,,,,376,555,1085,98,1368,350,250,396,716,616,135,485,380,488,377,106,253,469
133,16047,,"BEANS,YEL,MATURE SEEDS,RAW",r,Phaseolus vulgaris,,,,2015.0,USDA/SR28,,345,11.1,,6.25,,22,2.6,,,60.7,,,,,25.1,,3.6,166,,,0.639,7.01,,1042,222,1.286,,12,,488,12.8,2.83,,,,,,0.69,,0.33,2.43,,,0.734,0.442,,,0,0,,,0,389,,389,,,0,0,0,,,,,,,,0,0,0,,,,,,,,,,,,,,,0,,0.671,0.226,1.118,,,,,,,,,,,,,,,,,,,,,,,,,922,1362,2661,239,3355,859,612,972,1756,1510,331,1190,933,1197,926,260,620,1151
134,16048,,"BEANS,YEL,MATURE SEEDS,CKD,BLD,WO/SALT",p,,,,,2015.0,USDA/SR28,,144,62.98,,6.25,,9.16,1.08,,,25.28,,,,,10.4,,1.5,62,,,0.186,2.48,,325,74,0.455,,5,,183,1.3,1.06,,,,,,0.187,,0.103,0.708,,,0.229,0.129,,,0,1.8,,,0,81,,81,,,0,6,0,,,0,0,,0,0,0,0,0,,,0.94,3.5,,,,,,,,,,,0,,0.279,0.094,0.466,,,,,,,,,,,,,,,,,,,,,,,,,384,567,1108,100,1397,358,255,405,732,629,138,496,388,498,386,108,258,479
135,16049,,"BEANS,WHITE,MATURE SEEDS,RAW",r,Phaseolus vulgaris,,,,2015.0,USDA/SR28,,333,11.32,,6.25,,23.36,0.85,,,60.27,,,,,15.2,,4.2,240,,,0.984,10.44,,1795,190,1.796,,16,,301,12.8,3.67,,,,,,0.437,,0.146,0.479,,,0.732,0.318,,,0,0,,,0,388,,388,,,0,2,0,,,0,0,,0,0,0,0,0,,,0.21,5.6,0.34,,,,,,,,,,0,,0.219,0.074,0.364,,,,,,,,,,,,,,,,,,,,,,,,,979,1446,2825,254,3561,912,650,1031,1865,1603,351,1263,990,1271,983,277,658,1222
136,16050,,"BEANS,WHITE,MATURE SEEDS,CKD,BLD,WO/SALT",p,,,,,2015.0,USDA/SR28,,139,63.08,,6.25,,9.73,0.35,,,25.09,,,,,6.3,,1.75,90,,,0.287,3.7,,561,63,0.636,,6,,113,1.3,1.38,,,,,,0.118,,0.046,0.14,,,0.229,0.093,,,0,0,,,0,81,,81,,,0,0,0,,,0,0,,0,0,0,0,0,,,0.94,3.5,2.11,,,,,,,,,,0,,0.091,0.031,0.152,,,,,,,,,,,,,,,,,,,,,,,,,408,602,1176,106,1483,380,271,429,776,668,146,526,412,529,409,115,274,509
137,16051,,"BEANS,WHITE,MATURE SEEDS,CND",p,,,,,2015.0,USDA/SR28,,114,70.1,,6.25,,7.26,0.29,,,21.2,,,,,4.8,,1.15,73,,,0.232,2.99,,454,51,0.515,,340,,91,1.6,1.12,,,,,,0.096,,0.037,0.113,,,0.185,0.075,,,0,0,,,0,65,,65,,,0,0,0,,,0,0,,0,0,0,0,0,,,0.79,2.9,0.34,,,,,,,,,,0,,0.074,0.025,0.123,,,,,,,,,,,,,,,,,,,,,,,,,304,449,878,79,1106,283,202,320,579,498,109,392,308,395,305,86,204,380
138,16052,,"BROADBEANS (FAVA BEANS),MATURE SEEDS,RAW",r,Vicia faba,,,,2015.0,USDA/SR28,,341,10.98,,6.25,,26.12,1.53,,,58.29,,,,,25,,3.08,103,,,0.824,6.7,,1062,192,1.626,,13,,421,8.2,3.14,,,,,,0.555,,0.333,2.832,,,0.976,0.366,,,0,1.4,,,0,423,,423,,,3,0,0,,,0,32,,0,0,0,0,0,,,0.05,9,0.29,,,,,,,,,,0,,0.254,0.303,0.627,,,,,,,,,,,,,,,,,,,,,,,,,1070,2411,2916,334,4437,1095,664,1053,1964,1671,213,1103,1099,1195,928,247,827,1161
139,16053,,"BROADBEANS (FAVA BNS),MATURE SEEDS,CKD,BLD,WO/SALT",p,,,,,2015.0,USDA/SR28,,110,71.54,,6.25,,7.6,0.4,,,19.65,,,,,5.4,,0.81,36,,,0.259,1.5,,268,43,0.421,,5,,125,2.6,1.01,,,,,,0.097,,0.089,0.711,,,0.157,0.072,,,0,0.3,,,0,104,,104,,,1,53,0,,,0,9,,0,0,,0,0,,,0.02,2.9,5.7,,,,,,,,,,0,,0.066,0.079,0.164,,,,,,,,,,,,,,,,,,,,,,,,,311,702,849,97,1291,319,193,306,572,486,62,321,320,348,270,72,241,338
140,16054,,"BROADBEANS (FAVA BNS),MATURE SEEDS,CND",p,,,,,2015.0,USDA/SR28,,71,80.32,,6.25,,5.47,0.22,,,12.41,,,,,3.7,,1.58,26,,,0.109,1,,242,32,0.288,,453,,79,1.8,0.62,,,,,,0.02,,0.05,0.96,,,0.119,0.045,,,0,1.8,,,0,33,,33,,,1,15,0,,,,,,,,0,0,0,,,,,1.82,,,,,,,,,,0,,0.037,0.044,0.09,,,,,,,,,,,,,,,,,,,,,,,,,224,505,611,70,929,229,139,221,411,350,45,231,230,250,194,52,173,243
141,16056,,"CHICKPEAS (GARBANZO BNS,BENGAL GM),MATURE SEEDS,RAW",r,Cicer arietinum,,,,2015.0,USDA/SR28,,378,7.68,,6.25,,20.47,6.04,,,62.95,,,,,12.2,,2.85,57,,,0.656,4.31,,718,79,21.306,,24,,252,0,2.76,,,,,,0.477,,0.212,1.541,,,1.588,0.535,,,0,4,,,0,557,,557,,,3,10,0,,,0,40,,0,0,0,0,0,,,0.82,9,,,,,,,,,,,0,,0.603,1.377,2.731,,,,,,,,,,,,,,,,,,,,,,,,,882,1939,2422,279,3603,857,566,882,1465,1377,270,1103,849,1036,766,200,512,865
142,16057,,"CHICKPEAS ,MATURE SEEDS,CKD,BLD,WO/SALT",p,,,,,2015.0,USDA/SR28,,164,60.21,,6.25,,8.86,2.59,,,27.42,,,,,7.6,,0.92,49,,,0.352,2.89,,291,48,1.03,,7,,168,3.7,1.53,,,,,,0.116,,0.063,0.526,,,0.286,0.139,,,0,1.3,,,0,172,,172,,,1,67,0,,,0,16,,0,0,0,0,0,,,0.35,4,10.7,,,,,,,,,,0,,0.269,0.583,1.156,,,,,,,,,,,,,,,,,,,,,,,,,380,835,1042,119,1550,369,244,380,631,593,116,475,366,447,329,85,220,372
143,16058,,"CHICKPEAS (GARBANZO BNS,BENGAL GRAM),MATURE SDS,CND,SOL&LIQ",p,,,,,2015.0,USDA/SR28,,88,78.55,,6.25,,4.92,1.95,,,13.49,,,,,4.4,,1.09,35,,,0.153,1.23,,144,27,0.818,,278,,80,2,0.69,,,,,,0.032,,0.015,0.13,,,0.299,0.473,,,0,0.1,,,0,25,,25,,,1,27,0,,,0,9,,0,0,,0,0,,,,,4.8,,,,,,,,,,0,,0.204,0.444,0.881,,,,,,,,,,,,,,,,,,,,,,,,,212,466,582,67,866,206,136,212,352,331,65,265,204,249,184,48,123,208
144,16060,,"COWPEAS,CATJANG,MATURE SEEDS,RAW",r,Vigna unguiculata subsp. cylindrica,,,,2015.0,USDA/SR28,,343,11.05,,6.25,,23.85,2.07,,,59.64,,,,,10.7,,3.39,85,,,1.059,9.95,,1375,333,1.544,,58,,438,9.1,6.11,,,,,,0.68,,0.17,2.795,,,1.511,0.361,,,0,1.5,,,0,639,,639,,,2,15,0,,,,,,,,,0,0,,,,,,,,,,,,,,,0,,0.542,0.173,0.889,,,,,,,,,,,,,,,,,,,,,,,,,1088,1652,2881,263,4518,985,740,969,1828,1614,340,1393,1072,1194,908,294,771,1137
145,16061,,"COWPEAS,CATJANG,MATURE SEEDS,CKD,BLD,WO/SALT",p,,,,,2015.0,USDA/SR28,,117,69.7,,6.25,,8.13,0.71,,,20.32,,,,,3.6,,1.16,26,,,0.271,3.05,,375,96,0.473,,19,,142,2.5,1.87,,,,,,0.162,,0.046,0.714,,,0.386,0.092,,,0,0.4,,,0,142,,142,,,1,33,0,,,,,,,,0,0,0,,,,,,,,,,,,,,,0,,0.185,0.059,0.303,,,,,,,,,,,,,,,,,,,,,,,,,371,563,982,90,1539,335,252,330,623,550,116,475,365,407,309,100,263,387
146,16062,,"COWPEAS,COMMON (BLACKEYES,CROWDER,SOUTHERN),MTRE SEEDS,RAW",r,Vigna unguiculata subsp. unguiculata,,,,2015.0,USDA/SR28,,336,11.95,,6.25,,23.52,1.26,,,60.03,,,,,10.6,,3.24,110,,,0.845,8.27,,1112,184,1.528,,16,,424,9,3.37,,,,,,0.853,,0.226,2.075,,,1.496,0.357,,,0,1.5,,,0,633,,633,,,3,10,0,,,0,30,,0,0,0,0,0,,,0.39,5,,,,,,,,,,,0,,0.331,0.106,0.542,,,,,,,,,,,,,,,,,,,,,,,,,1072,1629,2840,260,4454,971,730,956,1802,1591,335,1373,1057,1178,895,290,760,1121
147,16063,,"COWPEAS,COMMON (BLKEYES,CRWDR,STHRN),MTURE,CKD,BLD,WO/SALT",p,,,,,2015.0,USDA/SR28,,116,70.04,,6.25,,7.73,0.53,,,20.76,,,,,6.5,,0.94,24,,,0.268,2.51,,278,53,0.475,,4,,156,2.5,1.29,,,,,,0.202,,0.055,0.495,,,0.411,0.1,,,0,0.4,,,0,208,,208,,,1,50,0,,,0,9,,0,0,,0,0,,,0.28,1.7,6.9,,,,,,,,,,0,,0.138,0.044,0.225,,,,,,,,,,,,,,,,,,,,,,,,,352,535,933,85,1463,319,240,314,592,523,110,451,347,387,294,95,250,368
148,16064,,"COWPEAS,COMMON,MATURE SEEDS,CND,PLN",p,,,,,2015.0,USDA/SR28,,77,79.63,,6.25,,4.74,0.55,,,13.63,,,,,3.3,,1.45,20,,,0.117,0.97,,172,28,0.283,,293,,70,2.3,0.7,,,,,,0.076,,0.074,0.354,,,0.19,0.045,,,0,2.7,,,0,51,,51,,,,15,0,,,,,,,,,0,0,,,,,3.3,,,,,,,,,,0,,0.144,0.046,0.237,,,,,,,,,,,,,,,,,,,,,,,,,216,328,572,52,897,196,147,193,363,321,67,277,213,237,180,58,153,226
149,16065,,"COWPEAS,COMMON,MATURE SEEDS,CND W/PORK",p,,,,,2015.0,USDA/SR28,,83,77.59,,6.25,,2.74,1.6,,,16.53,,,,,3.3,,1.54,17,,,0.17,1.42,,178,43,0.392,,350,,96,2.3,1.04,,,,,,0.063,,0.05,0.431,,,0.191,0.045,,,0,0.2,,,0,51,,51,,,0,13,0,,,,,,,,0,0,0,,,,,,,,,,,,,,,7,,0.605,0.656,0.229,,,,,,,,,,,,,,,,,,,,,,,,,125,190,331,30,519,113,85,112,210,186,39,160,123,137,104,34,89,131
150,16067,,"HYACINTH BNS,MATURE SEEDS,RAW",r,Dolichos purpureus,,,,2015.0,USDA/SR28,,344,9.38,,6.25,,23.9,1.69,,,60.74,,,,,25.6,,4.29,130,,,1.335,5.1,,1235,283,1.573,,21,,372,8.2,9.3,,,,,,1.13,,0.136,1.61,,,1.237,0.155,,,0,0,,,0,23,,23,,,0,0,0,,,0,0,,0,0,,0,0,,,,,,,,,,,,,,,0,,0.288,0.076,0.715,,,,,,,,,,,,,,,,,,,,,,,,,1067,1755,2821,279,3880,1028,684,1143,2025.9999999999998,1632,191,1204,1162,1315,925,199,853,1239
151,16068,,"HYACINTH BNS,MATURE SEEDS,CKD,BLD,WO/SALT",p,,,,,2015.0,USDA/SR28,,117,69.13,,6.25,,8.14,0.58,,,20.69,,,,,,,1.46,40,,,0.341,4.58,,337,82,0.482,,7,,120,2.8,2.85,,,,,,0.27,,0.037,0.411,,,0.316,0.037,,,0,0,,,0,4,,4,,,0,0,0,,,,,,,,0,0,0,,,,,,,,,,,,,,,0,,0.099,0.026,0.245,,,,,,,,,,,,,,,,,,,,,,,,,364,598,962,95,1323,351,233,390,691,556,65,410,396,448,315,68,291,422
152,16069,,"LENTILS,RAW",r,Lens culinaris,,,,2015.0,USDA/SR28,,352,8.26,,6.25,,24.63,1.06,,,63.35,,,,,10.7,,2.71,35,,,0.754,6.51,,677,47,1.393,,6,,281,0.1,3.27,,,,,,0.873,,0.211,2.605,,,2.14,0.54,,,0,4.5,,,0,479,,479,,,2,0,0,,,0,23,,0,0,0,0,0,,,0.49,5,,,,,,,,,,,0,,0.154,0.193,0.526,,,,,,,,,,,,,,,,,,,,,,,,,1029,1903,2725,322,3819,1002,693,1065,1786,1720,210,1215,1029,1136,882,221,658,1223
153,16070,,"LENTILS,MATURE SEEDS,CKD,BLD,WO/SALT",p,,,,,2015.0,USDA/SR28,,116,69.64,,6.25,,9.02,0.38,,,20.13,,,,,7.9,,0.83,19,,,0.251,3.33,,369,36,0.494,,2,,180,2.8,1.27,,,,,,0.169,,0.073,1.06,,,0.638,0.178,,,0,1.5,,,0,181,,181,,,0,39,0,,,0,5,,0,0,0,0,0,,,0.11,1.7,2.03,,,,,,,,,,0,,0.053,0.064,0.175,,,,,,,,,,,,,,,,,,,,,,,,,377,697,998,118,1399,367,254,390,654,630,77,445,377,416,323,81,241,448
154,16071,,"LIMA BNS,LRG,MATURE SEEDS,RAW",r,Phaseolus lunatus,,,,2015.0,USDA/SR28,,338,10.17,,6.25,,21.46,0.69,,,63.38,,,,,19,,4.3,81,,,0.74,7.51,,1724,224,1.672,,18,,385,7.2,2.83,,,,,,0.507,,0.202,1.537,,,1.355,0.512,,,0,0,,,0,395,,395,,,0,8,0,,,0,0,,0,0,0,0,0,,,0.72,6,1.8,,,,,,,,,,0,,0.161,0.062,0.309,,,,,,,,,,,,,,,,,,,,,,,,,1095,1315,2767,237,3038,906,656,1129,1850,1438,271,1236,975,1428,927,254,759,1291
155,16072,,"LIMA BNS,LRG,MATURE SEEDS,CKD,BLD,WO/SALT",p,,,,,2015.0,USDA/SR28,,115,69.79,,6.25,,7.8,0.38,,,20.88,,,,,7,,1.15,17,,,0.235,2.39,,508,43,0.516,,2,,111,4.5,0.95,,,,,,0.161,,0.055,0.421,,,0.422,0.161,,,0,0,,,0,83,,83,,,0,0,0,,,0,0,,0,0,,0,0,,,0.18,2,8.5,,,,,,,,,,0,,0.089,0.034,0.171,,,,,,,,,,,,,,,,,,,,,,,,,398,478,1006,86,1104,329,238,411,673,523,99,449,354,519,337,92,276,469
156,16073,,"LIMA BNS,LRG,MATURE SEEDS,CND",p,,,,,2015.0,USDA/SR28,,79,77.08,,6.25,,4.93,0.17,,,14.91,,,,,4.8,,2.92,21,,,0.18,1.81,,220,39,0.363,,336,,74,4.5,0.65,,,,,,0.055,,0.034,0.261,,,0.259,0.091,,,0,0,,,0,50,,50,,,0,0,0,,,,,,,,0,0,0,,,,,2.9,,,,,,,,,,0,,0.039,0.015,0.074,,,,,,,,,,,,,,,,,,,,,,,,,251,302,635,54,697,208,151,259,425,330,62,284,224,328,213,58,174,296
157,16074,,"LIMA BNS,THIN SEEDED (BABY),MATURE SEEDS,RAW",r,Phaseolus lunatus,,,,2015.0,USDA/SR28,,335,12.07,,6.25,,20.62,0.93,,,62.83,,,,,20.6,,3.55,81,,,0.665,6.19,,1403,188,1.686,,13,,370,7,2.6,,,,,,0.574,,0.218,1.712,,,1.265,0.327,,,0,0,,,0,400,,400,,,0,0,0,,,0,0,,0,0,,0,0,,,0.7,5.9,,,,,,,,,,,0,,0.219,0.084,0.42,,,,,,,,,,,,,,,,,,,,,,,,,1052,1264,2659,228,2920,871,630,1085,1778,1382,261,1188,937,1372,891,244,729,1240
158,16075,,"LIMA BNS,THIN SEEDED (BABY),MATURE SEEDS,CKD,BLD,WO/SALT",p,,,,,2015.0,USDA/SR28,,126,67.15,,6.25,,8.04,0.38,,,23.31,,,,,7.7,,1.12,29,,,0.215,2.4,,401,53,0.585,,3,,127,4.9,1.03,,,,,,0.161,,0.055,0.66,,,0.472,0.078,,,0,0,,,0,150,,150,,,0,0,0,,,,,,,,0,0,0,,,,,8.32,,,,,,,,,,0,,0.088,0.034,0.169,,,,,,,,,,,,,,,,,,,,,,,,,411,493,1037,89,1139,340,246,423,694,539,102,463,366,535,347,95,284,484
159,16076,,"LUPINS,MATURE SEEDS,RAW",r,Lupinus albus,,,,2015.0,USDA/SR28,,371,10.44,,6.25,,36.17,9.74,,,40.37,,,,,18.9,,3.28,176,,,1.022,4.36,,1013,198,2.382,,15,,440,8.2,4.75,,,,,,0.64,,0.22,2.19,,,0.75,0.357,,,0,4.8,,,0,355,,355,,,0,0,0,,,0,0,,0,0,,0,0,,,,,,,,,,,,,,,0,,1.156,3.94,2.439,,,,,,,,,,,,,,,,,,,,,,,,,1296,3877,3877,446,8686,1539,1030,1615,2743,1933,255,1435,1476,1869,1331,289,1360,1510
160,16077,,"LUPINS,MATURE SEEDS,CKD,BLD,WO/ SALT",p,,,,,2015.0,USDA/SR28,,119,71.08,,6.25,,15.57,2.92,,,9.88,,,,,2.8,,0.55,51,,,0.231,1.2,,245,54,0.676,,4,,128,2.6,1.38,,,,,,0.134,,0.053,0.495,,,0.188,0.009,,,0,1.1,,,0,59,,59,,,0,0,0,,,,,,,,,0,0,,,,,,,,,,,,,,,0,,0.346,1.18,0.73,,,,,,,,,,,,,,,,,,,,,,,,,558,1669,1669,192,3739,663,443,695,1181,832,110,618,635,805,573,125,585,650
161,16078,,"MOTHBEANS,MATURE SEEDS,RAW",r,Vigna aconitifolia,,,,2015.0,USDA/SR28,,343,9.68,,6.25,,22.94,1.61,,,61.52,,,,,,,4.26,150,,,0.688,10.85,,1191,381,1.82,,30,,489,8.2,1.92,,,,,,0.562,,0.091,2.8,,,1.535,0.366,,,0,4,,,0,649,,649,,,2,7,0,,,,,,,,,0,0,,,,,,,,,,,,,,,0,,0.364,0.129,0.75,,,,,,,,,,,,,,,,,,,,,,,,,,,,117,,,771,1138,1541,1248,220,1028,,,,147,,734
162,16079,,"MOTHBEANS,MATURE SEEDS,CKD,BLD,WO/SALT",p,,,,,2015.0,USDA/SR28,,117,69.23,,6.25,,7.81,0.55,,,20.96,,,,,,,1.45,3,,,0.164,3.14,,304,104,0.527,,10,,150,2.8,0.59,,,,,,0.124,,0.023,0.668,,,0.391,0.093,,,0,1,,,0,143,,143,,,1,32,0,,,,,,,,0,0,0,,,,,,,,,,,,,,,0,,0.124,0.044,0.256,,,,,,,,,,,,,,,,,,,,,,,,,,,,40,,,263,388,525,425,75,350,,,,50,,250
163,16080,,"MUNG BNS,MATURE SEEDS,RAW",r,Vigna radiata,,,,2015.0,USDA/SR28,,347,9.05,,6.25,,23.86,1.15,,,62.62,,,,,16.3,,3.32,132,,,0.941,6.74,,1246,189,1.035,,15,,367,8.2,2.68,,,,,,0.621,,0.233,2.251,,,1.91,0.382,,,0,4.8,,,0,625,,625,,,6,10,0,,,0,68,,0,0,0,0,0,,,0.51,9,,,,,,,,,,,0,,0.348,0.161,0.384,,,,,,,,,,,,,,,,,,,,,,,,,1050,1672,2756,210,4264,954,695,1008,1847,1664,286,1443,1095,1176,782,260,714,1237
164,16081,,"MUNG BNS,MATURE SEEDS,CKD,BLD,WO/SALT",p,,,,,2015.0,USDA/SR28,,105,72.66,,6.25,,7.02,0.38,,,19.15,,,,,7.6,,0.79,27,,,0.156,1.4,,266,48,0.298,,2,,99,2.5,0.84,,,,,,0.164,,0.061,0.577,,,0.41,0.067,,,0,1,,,0,159,,159,,,1,114,0,,,0,14,,0,0,,0,0,,,0.15,2.7,6.6,,,,,,,,,,0,,0.116,0.054,0.128,,,,,,,,,,,,,,,,,,,,,,,,,309,492,812,62,1256,281,205,297,544,490,84,425,323,346,230,76,210,364
165,16083,,"MUNGO BNS,MATURE SEEDS,RAW",r,Vigna mungo,,,,2015.0,USDA/SR28,,341,10.8,,6.25,,25.21,1.64,,,58.99,,,,,18.3,,3.36,138,,,0.981,7.57,,983,267,1.527,,38,,379,8.2,3.35,,,,,,0.273,,0.254,1.447,,,0.906,0.281,,,0,0,,,0,216,,216,,,1,24,0,,,,,,,,0,0,0,,,,,2,,,,,,,,,,0,,0.114,0.085,1.071,,,,,,,,,,,,,,,,,,,,,,,,,1077,1642,2948,234,4126,1053,706,1287,2089,1674,367,1473,1166,1327,875,263,783,1416
166,16084,,"MUNGO BNS,MATURE SEEDS,CKD,BLD,WO/SALT",p,,,,,2015.0,USDA/SR28,,105,72.51,,6.25,,7.54,0.55,,,18.34,,,,,6.4,,1.06,53,,,0.139,1.75,,231,63,0.412,,7,,156,2.5,0.83,,,,,,0.15,,0.075,1.5,,,0.433,0.058,,,0,1,,,0,94,,94,,,2,23,0,,,0,19,,0,0,0,0,0,,,0.15,2.7,,,,,,,,,,,0,,0.038,0.029,0.359,,,,,,,,,,,,,,,,,,,,,,,,,322,491,882,70,1234,315,211,385,625,500,110,440,349,397,262,78,234,423
167,16085,,"PEAS,GRN,SPLIT,MATURE SEEDS,RAW",r,Pisum sativum,,,,2015.0,USDA/SR28,,352,8.62,,6.25,,23.82,1.16,,,63.74,,,,,25.5,,2.66,37,,,0.815,4.82,,823,49,1.22,,15,,321,4.1,3.55,,,,,,0.726,,0.215,2.889,,,1.758,0.174,,,0,1.8,,,0,274,,274,,,7,31,0,,,0,89,,0,0,0,0,0,,,0.09,14.5,2.01,,,,,,,,,,0,,0.161,0.242,0.495,,,,,,,,,,,,,,,,,,,,,,,,,1080,2188,2896,373,4196,1092,597,1014,1760,1772,251,1132,1014,1080,872,275,711,1159
168,16086,,"PEAS,SPLIT,MATURE SEEDS,CKD,BLD,WO/SALT",p,,,,,2015.0,USDA/SR28,,118,69.49,,6.25,,8.34,0.39,,,21.1,,,,,8.3,,0.68,14,,,0.181,1.29,,362,36,0.396,,2,,99,0.6,1,,,,,,0.19,,0.056,0.89,,,0.595,0.048,,,0,0.4,,,0,65,,65,,,0,149,0,,,0,4,,0,0,,0,0,,,0.03,5,8,,,,,,,,,,0,,0.054,0.081,0.165,,,,,,,,,,,,,,,,,,,,,,,,,367,744,984,127,1426,371,203,344,598,602,85,384,344,367,296,93,242,394
169,16101,,"PIGEON PEAS (RED GM),MATURE SEEDS,RAW",r,Cajanus cajan,,,,2015.0,USDA/SR28,,343,10.59,,6.25,,21.7,1.49,,,62.78,,,,,15,,3.45,130,,,1.057,5.23,,1392,183,1.791,,17,,367,8.2,2.76,,,,,,0.643,,0.187,2.965,,,1.266,0.283,,,0,0,,,0,456,,456,,,1,7,0,,,,,,,,,0,0,,,,,2.9,,,,,,,,,,0,,0.33,0.012,0.814,,,,,,,,,,,,,,,,,,,,,,,,,972,1299,2146,250,5031,802,774,785,1549,1521,243,1858,955,1028,767,212,538,937
170,16102,,"PIGEON PEAS (RED GM),MATURE SEEDS,CKD,BLD,WO/SALT",p,,,,,2015.0,USDA/SR28,,121,68.55,,6.25,,6.76,0.38,,,23.25,,,,,6.7,,1.06,43,,,0.269,1.11,,384,46,0.501,,5,,119,2.9,0.9,,,,,,0.146,,0.059,0.781,,,0.319,0.05,,,0,0,,,0,111,,111,,,0,28,0,,,,,,,,,0,0,,,,,,,,,,,,,,,0,,0.083,0.003,0.205,,,,,,,,,,,,,,,,,,,,,,,,,303,405,669,78,1568,250,241,245,483,474,76,579,298,320,239,66,168,292
171,16144,,"LENTILS,PINK OR RED,RAW",r,,,,,2015.0,USDA/SR28,,358,7.82,,6.25,,23.91,2.17,,,63.1,,,,,10.8,,3,48,,,1.303,7.39,,668,59,1.716,,7,,294,0,3.6,,,,,,0.51,,0.106,1.495,,,0.348,0.403,,,0,1.7,,,0,204,,204,,,3,3,0,,,0,35,,0,,0,0,0,,,,,,,,,,,,,,,0,,0.379,0.5,1.137,,,,,,,,,,,,,,,,,,,,,,,,,1042,1928,2758,327,3868,1014,702,1078,1809,1740,212,1230,1042,1150,895,223,667,1238
172,16145,,"BEANS,KIDNEY,RED,MATURE SEEDS,CND,DRND SOL",p,,,,,2015.0,USDA/SR28,,124,68.11,,6.25,,7.98,1.05,,,21.49,,,,,5.5,,1.36,57,,,0.272,1.5,,277,30,0.384,,231,,121,1.6,0.75,,,,,,0.067,,0.016,0.46,,,,,,,0,0.2,,,0,28,,28,,,,58,,,,0,0,,0,0,0,0,0,,,,,,,,,,,,,,,0,,0.181,0.029,0.193,,,,,,,,,,,,,,,,,,,,,,,,,362,437,999,75,1282,323,219,377,677,558,104,471,456,500,293,95,189,460
173,16146,,"BEANS,PINTO,CND,DRND SOL",p,,,,,2015.0,USDA/SR28,,114,70.6,,6.25,,6.99,0.9,,,20.22,,,,,5.5,,1.3,63,,,0.259,1.33,,274,32,0.383,,239,,101,,0.61,,,,,,0.052,,0.019,0.272,,,,,,,0,0.1,,,0,24,,24,,,,,,,,0,0,,0,0,0,0,0,,,,,3.8,,,,,,,,,,0,,0.158,0.153,0.273,,,,,,,,,,,,,,,,,,,,,,,,,287,361,746,61,996,262,183,287,513,446,85,360,353,385,266,78,141,329
174,16157,,CHICKPEA FLOUR (BESAN),p,,,,,2015.0,USDA/SR28,,387,10.28,,6.25,,22.39,6.69,,,57.82,,,,,10.8,,2.82,45,,,0.912,4.86,,846,166,1.6,,64,,318,8.3,2.81,,,,,,0.486,,0.106,1.762,,,0.606,0.492,,,0,0,,,0,437,,437,,,2,,0,,,0,25,,0,0,,0,0,,,0.83,9.1,0.54,,,,,,,,,,0,,0.693,1.504,2.983,,,,,,,,,,,,,,,,,,,,,,,,,,,,,,,,,,,,,,,,,,
175,16302,,"BEANS,ADZUKI,MATURE SD,CKD,BLD,W/SALT",p,,,,,2015.0,USDA/SR28,,128,66.29,,6.25,,7.52,0.1,,,24.77,,,,,7.3,,1.33,28,,,0.298,2,,532,52,0.573,,244,,168,1.2,1.77,,,,,,0.115,,0.064,0.717,,,0.43,0.096,,,0,0,,,0,121,,121,,,0,41,0,,,,,,,,0,0,0,,,,,10.85,,,,,,,,,,0,,0.036,0.009,0.021,,,,,,,,,,,,,,,,,,,,,,,,,439,486,891,70,1173,286,198,300,632,567,79,398,331,369,255,72,224,387
176,16315,,"BEANS,BLACK,MATURE SEEDS,CKD,BLD,W/SALT",p,,,,,2015.0,USDA/SR28,,132,65.74,,6.25,,8.86,0.54,,,23.71,,,,,8.7,,1.15,27,,,0.209,2.1,,355,70,0.444,,237,,140,1.2,1.12,,,,,,0.244,,0.059,0.505,,,0.242,0.069,,,0,0,,,0,149,,149,,,0,6,0,,,0,0,,0,0,0,0,0,,,0.87,3.3,,,,,,,,,,,0,,0.139,0.047,0.231,,,,,,,,,,,,,,,,,,,,,,,,,372,549,1072,96,1351,346,247,391,708,608,133,479,376,482,373,105,250,464
177,16316,,"BEANS,BLACK,MATURE SEEDS,CND,LO NA",p,,,,,2015.0,USDA/SR28,,91,75.64,,6.25,,6.03,0.29,,,16.55,,,,,6.9,,1.49,35,,,0.192,1.9,,308,35,0.233,,138,,108,1.3,0.54,,,,,,0.14,,0.12,0.62,,,0.184,0.055,,,0,2.7,,,0,61,,61,,,0,6,0,,,0,0,,0,0,0,0,0,,,0.62,2.3,0.32,,,,,,,,,,0,,0.075,0.025,0.125,,,,,,,,,,,,,,,,,,,,,,,,,274,331,755,56,969,244,166,285,512,422,79,356,345,378,222,72,143,348
178,16317,,"BEANS,BLACK TURTLE,MATURE SEEDS,CKD,BLD,W/ SALT",p,,,,,2015.0,USDA/SR28,,130,65.74,,6.25,,8.18,0.35,,,24.35,,,,,8.3,,1.38,55,,,0.269,2.85,,433,49,0.327,,239,,152,1.2,0.76,,,,,,0.225,,0.056,0.527,,,0.26,0.077,,,0,0,,,0,86,,86,,,0,4,0,,,0,0,,0,0,,0,0,,,0.87,3.3,0.23,,,,,,,,,,0,,0.089,0.03,0.149,,,,,,,,,,,,,,,,,,,,,,,,,343,507,990,89,1247,319,228,361,653,562,123,442,347,445,344,97,230,428
179,16320,,"BEANS,CRANBERRY (ROMAN),MATURE SEEDS,CKD,BLD,W/SALT",p,,,,,2015.0,USDA/SR28,,136,64.65,,6.25,,9.34,0.46,,,24.46,,,,,8.6,,1.09,50,,,0.231,2.09,,387,50,0.37,,237,,135,1.3,1.14,,,,,,0.21,,0.069,0.515,,,0.24,0.081,,,0,0,,,0,207,,207,,,,6,0,,,,,,,,,0,0,,,,,0.32,,,,,,,,,,0,,0.119,0.04,0.199,,,,,,,,,,,,,,,,,,,,,,,,,391,578,1129,102,1424,365,260,412,746,641,140,505,396,508,393,111,263,489
180,16323,,"BEANS,FRENCH,MATURE SEEDS,CKD,BLD,W/SALT",p,,,,,2015.0,USDA/SR28,,129,66.57,,6.25,,7.05,0.76,,,24.02,,,,,9.4,,1.61,63,,,0.115,1.08,,370,56,0.382,,242,,102,1.2,0.64,,,,,,0.13,,0.062,0.546,,,0.222,0.105,,,0,1.2,,,0,75,,75,,,0,0,0,,,,,,,,,0,0,,,,,,,,,,,,,,,0,,0.083,0.052,0.453,,,,,,,,,,,,,,,,,,,,,,,,,296,437,853,77,1075,275,196,311,563,484,106,381,299,384,297,83,199,369
181,16325,,"BEANS,GREAT NORTHERN,MATURE SEEDS,CKD,BLD,W/SALT",p,,,,,2015.0,USDA/SR28,,118,69,,6.25,,8.33,0.45,,,21.09,,,,,7,,1.14,68,,,0.247,2.13,,391,50,0.518,,238,,165,4.1,0.88,,,,,,0.158,,0.059,0.681,,,0.266,0.117,,,0,1.3,,,0,102,,102,,,0,3,0,,,,,,,,0,0,0,,,,,,,,,,,,,,,0,,0.14,0.021,0.187,,,,,,,,,,,,,,,,,,,,,,,,,349,516,1008,91,1270,325,232,368,665,572,125,451,353,453,351,99,235,436
182,16326,,"BEANS,GREAT NORTHERN,MATURE SEEDS,CND,LO NA",p,,,,,2015.0,USDA/SR28,,114,69.89,,6.25,,7.37,0.39,,,21.02,,,,,4.9,,1.33,53,,,0.16,1.57,,351,51,0.408,,177,,136,4.1,0.65,,,,,,0.143,,0.06,0.461,,,0.278,0.106,,,0,1.3,,,0,81,,81,,,0,1,0,,,0,0,,0,0,0,0,0,,,0.79,3,,,,,,,,,,,0,,0.12,0.018,0.161,,,,,,,,,,,,,,,,,,,,,,,,,335,404,923,69,1184,298,202,349,626,516,96,435,421,462,271,88,174,425
183,16328,,"BEANS,KIDNEY,ALL TYPES,MATURE SEEDS,CKD,BLD,W/SALT",p,,,,,2015.0,USDA/SR28,,127,66.94,,6.25,,8.67,0.5,,,22.8,,,,,6.4,,1.09,28,,,0.242,2.94,,403,45,0.477,,238,,142,1.2,1.07,,,,,,0.16,,0.058,0.578,,,0.22,0.12,,,0,1.2,,,0,130,,130,,,0,1,0,,,0,0,,0,0,,0,0,,,0.87,3.3,1.41,,,,,,,,,,0,,0.072,0.039,0.275,,,,,,,,,,,,,,,,,,,,,,,,,364,537,1049,94,1323,339,242,383,693,595,130,469,368,472,365,103,244,454
184,16331,,"BEANS,KIDNEY,CALIFORNIA RED,MATURE SEEDS,CKD,BLD,W/SALT",p,,,,,2015.0,USDA/SR28,,124,66.93,,6.25,,9.13,0.09,,,22.41,,,,,9.3,,1.44,66,,,0.289,2.98,,419,48,0.318,,240,,137,1.2,0.86,,,,,,0.129,,0.062,0.54,,,0.219,0.104,,,0,1.2,,,0,74,,74,,,0,0,0,,,,,,,,0,0,0,,,,,0.32,,,,,,,,,,0,,0.014,0.007,0.052,,,,,,,,,,,,,,,,,,,,,,,,,383,565,1105,99,1392,356,254,403,729,627,137,494,387,497,384,108,257,478
185,16333,,"BEANS,KIDNEY,RED,MATURE SEEDS,CKD,BLD,W/SALT",p,,,,,2015.0,USDA/SR28,,127,66.94,,6.25,,8.67,0.5,,,22.8,,,,,7.4,,1.09,28,,,0.242,2.94,,403,45,0.477,,238,,142,1.2,1.07,,,,,,0.16,,0.058,0.578,,,0.22,0.12,,,0,1.2,,,0,130,,130,,,0,0,0,,,0,0,,0,0,0,0,0,,,0.03,8.4,,,,,,,,,,,0,,0.072,0.039,0.275,,,,,,,,,,,,,,,,,,,,,,,,,364,537,1049,94,1323,339,242,383,693,595,130,469,368,472,365,103,244,454
186,16335,,"BEANS,KIDNEY,RED,MATURE SEEDS,CND,DRND SOL,RINSED IN TAP H2O",p,,,,,2015.0,USDA/SR28,,121,68.86,,6.25,,8.12,0.93,,,20.8,,,,,6,,1.29,58,,,0.283,1.5,,250,29,0.382,,208,,118,,0.74,,,,,,0.06,,0.015,0.417,,,,0.113,,,0,0.2,,,0,23,,23,,,0,0,0,,,0,0,,0,0,,0,0,,,0.03,5.7,0.32,,,,,,,,,,0,,0.328,0.052,0.35,,,,,,,,,,,,,,,,,,,,,,,,,369,445,1016,76,1305,329,223,384,689,568,106,479,464,509,298,97,192,468
187,16336,,"BEANS,KIDNEY,ROYAL RED,MATURE SEEDS,CKD,BLD W/SALT",p,,,,,2015.0,USDA/SR28,,123,66.99,,6.25,,9.49,0.17,,,21.85,,,,,9.3,,1.5,44,,,0.262,2.77,,378,42,0.255,,241,,142,1.2,0.9,,,,,,0.095,,0.067,0.552,,,0.219,0.104,,,0,1.2,,,0,74,,74,,,0,0,0,,,,,,,,0,0,0,,,,,,,,,,,,,,,0,,0.024,0.013,0.093,,,,,,,,,,,,,,,,,,,,,,,,,398,587,1148,103,1447,370,264,419,757,651,143,513,402,516,399,112,267,496
188,16337,,"BEANS,KIDNEY,RED,MATURE SEEDS,CND,SOL & LIQ,LO NA",p,,,,,2015.0,USDA/SR28,,81,77.96,,6.25,,5.22,0.36,,,14.83,,,,,5.3,,1.64,29,,,0.147,1.25,,260,30,0.291,,117,,106,1.1,0.62,,,,,,0.106,,0.067,0.494,,,0.13,0.08,,,0,0.8,,,0,26,,26,,,0,3,0,,,0,0,,0,0,0,0,0,,,0.02,4.1,,,,,,,,,,,0,,0.125,0.147,0.174,,,,,,,,,,,,,,,,,,,,,,,,,244,295,673,50,863,218,148,254,456,376,70,317,307,337,197,64,127,310
189,16338,,"BEANS,NAVY,MATURE SEEDS,CKD,BLD,W/SALT",p,,,,,2015.0,USDA/SR28,,140,63.81,,6.25,,8.23,0.62,,,26.05,,,,,10.5,,1.3,69,,,0.21,2.36,,389,53,0.527,,237,,144,2.9,1.03,,,,,,0.237,,0.066,0.649,,,0.266,0.138,,,0,0.9,,,0,140,,140,,,0,0,0,,,0,0,,0,0,0,0,0,,,0.01,0.6,1.85,,,,,,,,,,0,,0.032,0.046,0.159,,,,,,,,,,,,,,,,,,,,,,,,,369,415,1056,76,1259,326,206,387,700,520,111,471,454,479,289,100,197,504
190,16341,,"BEANS,PINK,MATURE SEEDS,CKD,BLD,W/SALT",p,,,,,2015.0,USDA/SR28,,149,61.2,,6.25,,9.06,0.49,,,27.91,,,,,5.3,,1.34,52,,,0.271,2.3,,508,65,0.548,,238,,165,1.4,0.96,,,,,,0.257,,0.063,0.57,,,0.299,0.175,,,0,0,,,0,168,,168,,,0,0,0,,,0,0,,0,0,0,0,0,,,0.98,3.7,0.37,,,,,,,,,,0,,0.126,0.042,0.21,,,,,,,,,,,,,,,,,,,,,,,,,380,561,1095,99,1381,354,252,400,723,622,136,490,384,493,381,107,255,474
191,16343,,"BEANS,PINTO,MATURE SEEDS,CKD,BLD,W/SALT",p,,,,,2015.0,USDA/SR28,,143,62.95,,6.25,,9.01,0.65,,,26.22,,,,,9,,1.17,46,,,0.219,2.09,,436,50,0.453,,238,,147,6.2,0.98,,,,,,0.193,,0.062,0.318,,,0.21,0.229,,,0,0.8,,,0,172,,172,,,0,0,0,,,0,0,,0,0,,0,0,,,0.94,3.5,0.36,,,,,,,,,,0,,0.109,0.106,0.188,,,,,,,,,,,,,,,,,,,,,,,,,348,515,1004.9999999999999,90,1268,325,232,368,664,571,126,450,352,453,350,98,234,435
192,16345,,"BEANS,PINTO,MATURE SEEDS,CND,DRND SOL,RINSED IN TAP H2O",p,,,,,2015.0,USDA/SR28,,117,70,,6.25,,7.04,0.97,,,20.77,,,,,,,1.22,64,,,0.26,1.27,,234,30,0.37,,212,,96,,0.59,,,,,,0.05,,0.019,0.262,,,,,,,0,0.1,,,0,21,,21,,,,0,,,,,,,,,,0,0,,,,,0.34,,,,,,,,,,0,,,,,,,,,,,,,,,,,,,,,,,,,,,,,289,363,752,62,1004,264,184,289,517,450,86,363,355,388,268,79,142,331
193,16346,,"BEANS,SML WHITE,MATURE SEEDS,CKD,BLD,W/SALT",p,,,,,2015.0,USDA/SR28,,142,63.24,,6.25,,8.97,0.64,,,25.81,,,,,10.4,,1.34,73,,,0.149,2.84,,463,68,0.51,,238,,169,1.3,1.09,,,,,,0.236,,0.059,0.272,,,0.251,0.127,,,0,0,,,0,137,,137,,,0,,0,,,,,,,,0,0,0,,,,,,,,,,,,,,,0,,0.166,0.056,0.276,,,,,,,,,,,,,,,,,,,,,,,,,376,555,1085,98,1368,350,250,396,716,616,135,485,380,488,377,106,253,469
194,16347,,"BEANS,PINTO,MATURE SEEDS,CND,SOL & LIQUIDS,LO NA",p,,,,,2015.0,USDA/SR28,,82,78.19,,6.25,,4.6,0.56,,,15.18,,,,,4.6,,1.48,47,,,0.162,1.47,,276,33,0.318,,146,,92,3.7,0.56,,,,,,0.052,,0.016,0.268,,,0.136,0.135,,,0,0.7,,,0,24,,24,,,0,0,0,,,0,0,,0,0,0,0,0,,,0.55,2.1,,,,,,,,,,,0,,0.116,0.114,0.203,,,,,,,,,,,,,,,,,,,,,,,,,189,238,492,40,656,172,120,189,338,294,56,237,232,254,176,51,93,216
195,16348,,"BEANS,YEL,MATURE SEEDS,CKD,BLD,W/SALT",p,,,,,2015.0,USDA/SR28,,144,62.98,,6.25,,9.16,1.08,,,25.28,,,,,10.4,,1.5,62,,,0.186,2.48,,325,74,0.455,,241,,183,1.3,1.06,,,,,,0.187,,0.103,0.708,,,0.229,0.129,,,0,1.8,,,0,81,,81,,,0,0,0,,,0,0,,0,0,0,0,0,,,0.94,3.5,1.02,,,,,,,,,,0,,0.279,0.094,0.466,,,,,,,,,,,,,,,,,,,,,,,,,384,567,1108,100,1397,358,255,405,732,629,138,496,388,498,386,108,258,479
196,16350,,"BEANS,WHITE,MATURE SEEDS,CKD,BLD,W/ SALT",p,,,,,2015.0,USDA/SR28,,139,63.08,,6.25,,9.73,0.35,,,25.09,,,,,6.3,,1.75,90,,,0.287,3.7,,561,63,0.636,,242,,113,1.3,1.38,,,,,,0.118,,0.046,0.14,,,0.229,0.093,,,0,0,,,0,81,,81,,,0,2,0,,,0,0,,0,0,0,0,0,,,0.94,3.5,0.34,,,,,,,,,,0,,0.091,0.031,0.152,,,,,,,,,,,,,,,,,,,,,,,,,408,602,1176,106,1483,380,271,429,776,668,146,526,412,529,409,115,274,509
197,16353,,"BROADBEANS (FAVA BNS),MATURE SEEDS,CKD,BLD,W/SALT",p,,,,,2015.0,USDA/SR28,,110,71.54,,6.25,,7.6,0.4,,,19.65,,,,,5.4,,0.81,36,,,0.259,1.5,,268,43,0.421,,241,,125,2.6,1.01,,,,,,0.097,,0.089,0.711,,,0.157,0.072,,,0,0.3,,,0,104,,104,,,1,0,0,,,0,9,,0,0,0,0,0,,,0.02,2.9,0.34,,,,,,,,,,0,,0.066,0.079,0.164,,,,,,,,,,,,,,,,,,,,,,,,,311,702,849,97,1291,319,193,306,572,486,62,321,320,348,270,72,241,338
198,16357,,"CHICKPEAS,MATURE SEEDS,CKD,BLD,W/SALT",p,,,,,2015.0,USDA/SR28,,164,60.21,,6.25,,8.86,2.59,,,27.42,,,,,7.6,,0.92,49,,,0.352,2.89,,291,48,1.03,,243,,168,3.7,1.53,,,,,,0.116,,0.063,0.526,,,0.286,0.139,,,0,1.3,,,0,172,,172,,,1,15,0,,,0,16,,0,0,0,0,0,,,0.35,4,1.82,,,,,,,,,,0,,0.269,0.583,1.156,,,,,,,,,,,,,,,,,,,,,,,,,380,835,1042,119,1550,369,244,380,631,593,116,475,366,447,329,85,220,372
199,16358,,"CHICKPEAS,MAT SEEDS,CND,DRND SOL",p,,,,,2015.0,USDA/SR28,,139,66.72,,6.25,,7.05,2.77,,,22.53,,,,,6.4,,0.91,45,,,0.253,1.07,,126,26,0.846,,246,,85,3.1,0.63,,,,,,0.027,,0.015,0.14,,,,0.116,,,0,0.1,,,0,48,,48,,,1,27,0,,,0,14,,0,0,0,0,0,,,0.29,3.4,4.8,,,,,,,,,,0,,0.214,0.488,0.967,,,,,,,,,,,,,,,,,,,,,,,,,304,668,835,96,1242,295,195,304,505,475,93,380,293,357,264,69,176,298
200,16359,,"CHICKPEAS,MATURE SEEDS,CND,DRND,RINSED IN TAP H2O",p,,,,,2015.0,USDA/SR28,,138,66.87,,6.25,,7.04,2.47,,,22.87,,,,,6.3,,0.74,43,,,0.25,0.98,,109,24,0.8,,212,,80,3.1,0.59,,,,,,0.025,,0.015,0.125,,,,0.116,,,0,0.1,,,0,41,,41,,,1,23,0,,,0,13,,0,0,0,0,0,,,0.29,3.4,4.01,,,,,,,,,,0,,0.213,0.485,0.962,,,,,,,,,,,,,,,,,,,,,,,,,303,667,832,96,1239,295,195,303,503,473,93,379,292,356,263,69,176,298
201,16360,,"CHICKPEAS,MATURE SEEDS,CND,SOL & LIQUIDS,LO NA",p,,,,,2015.0,USDA/SR28,,88,78.55,,6.25,,4.92,1.95,,,13.49,,,,,4.4,,1.09,35,,,0.153,1.23,,144,27,0.818,,132,,80,2,0.69,,,,,,0.032,,0.015,0.13,,,0.299,0.473,,,0,0.1,,,0,25,,25,,,1,22,0,,,0,9,,0,0,,0,0,,,0.19,2.2,4,,,,,,,,,,0,,0.204,0.444,0.881,,,,,,,,,,,,,,,,,,,,,,,,,212,466,582,67,866,206,136,212,352,331,65,265,204,249,184,48,123,208
202,16361,,"COWPEAS,CATJANG,MATURE SEEDS,CKD,BLD,W/SALT",p,,,,,2015.0,USDA/SR28,,117,69.7,,6.25,,8.13,0.71,,,20.32,,,,,3.6,,1.16,26,,,0.271,3.05,,375,96,0.473,,255,,142,2.5,1.87,,,,,,0.162,,0.046,0.714,,,0.386,0.092,,,0,0.4,,,0,142,,142,,,1,15,0,,,,,,,,0,0,0,,,,,2.59,,,,,,,,,,0,,0.185,0.059,0.303,,,,,,,,,,,,,,,,,,,,,,,,,371,563,982,90,1539,335,252,330,623,550,116,475,365,407,309,100,263,387
203,16363,,"COWPEAS,COMMON,MATURE SEEDS,CKD,BLD,W/SALT",p,,,,,2015.0,USDA/SR28,,116,70.04,,6.25,,7.73,0.53,,,20.76,,,,,6.5,,0.94,24,,,0.268,2.51,,278,53,0.475,,240,,156,2.5,1.29,,,,,,0.202,,0.055,0.495,,,0.411,0.1,,,0,0.4,,,0,208,,208,,,1,10,0,,,0,9,,0,0,,0,0,,,0.28,1.7,,,,,,,,,,,0,,0.138,0.044,0.225,,,,,,,,,,,,,,,,,,,,,,,,,352,535,933,85,1463,319,240,314,592,523,110,451,347,387,294,95,250,368
204,16368,,"HYACINTH BNS,MATURE SEEDS,CKD,BLD,W/SALT",p,,,,,2015.0,USDA/SR28,,117,69.13,,6.25,,8.14,0.58,,,20.7,,,,,,,1.46,40,,,0.341,4.58,,337,82,0.482,,243,,120,2.8,2.85,,,,,,0.27,,0.037,0.411,,,0.316,0.037,,,0,0,,,0,4,,4,,,0,15,0,,,,,,,,0,0,0,,,,,3.3,,,,,,,,,,0,,0.099,0.026,0.245,,,,,,,,,,,,,,,,,,,,,,,,,364,598,962,95,1323,351,233,390,691,556,65,410,396,448,315,68,291,422
205,16370,,"LENTILS,MATURE SEEDS,CKD,BLD,W/SALT",p,,,,,2015.0,USDA/SR28,,114,69.64,,6.25,,9.02,0.38,,,19.54,,,,,7.9,,1.42,19,,,0.251,3.33,,369,36,0.494,,238,,180,2.8,1.27,,,,,,0.169,,0.073,1.06,,,0.638,0.178,,,0,1.5,,,0,181,,181,,,0,0,0,,,0,5,,0,0,0,0,0,,,0.11,1.7,,,,,,,,,,,0,,0.053,0.064,0.175,,,,,,,,,,,,,,,,,,,,,,,,,377,697,998,118,1399,367,254,390,654,630,77,445,377,416,323,81,241,448
206,16372,,"LIMA BNS,LRG,MATURE SEEDS,CKD,BLD,W/SALT",p,,,,,2015.0,USDA/SR28,,115,69.79,,6.25,,7.8,0.38,,,20.88,,,,,7,,1.15,17,,,0.235,2.39,,508,43,0.516,,238,,111,4.5,0.95,,,,,,0.161,,0.055,0.421,,,0.422,0.161,,,0,0,,,0,83,,83,,,0,8,0,,,0,0,,0,0,,0,0,,,0.18,2,1.8,,,,,,,,,,0,,0.089,0.034,0.171,,,,,,,,,,,,,,,,,,,,,,,,,398,478,1006,86,1104,329,238,411,673,523,99,449,354,519,337,92,276,469
207,16375,,"LIMA BNS,THIN SEEDED (BABY),MATURE SEEDS,CKD,BLD,W/SALT",p,,,,,2015.0,USDA/SR28,,126,67.15,,6.25,,8.04,0.38,,,23.31,,,,,7.7,,1.12,29,,,0.215,2.4,,401,53,0.585,,239,,127,4.9,1.03,,,,,,0.161,,0.055,0.66,,,0.472,0.078,,,0,0,,,0,150,,150,,,0,0,0,,,,,,,,,0,0,,,,,2.9,,,,,,,,,,0,,0.088,0.034,0.169,,,,,,,,,,,,,,,,,,,,,,,,,411,493,1037,89,1139,340,246,423,694,539,102,463,366,535,347,95,284,484
208,16377,,"LUPINS,MATURE SEEDS,CKD,BLD,W/SALT",p,,,,,2015.0,USDA/SR28,,116,71.08,,6.25,,15.57,2.92,,,9.29,,,,,2.8,,1.14,51,,,0.231,1.2,,245,54,0.676,,240,,128,2.6,1.38,,,,,,0.134,,0.053,0.495,,,0.188,0.009,,,0,1.1,,,0,59,,59,,,0,0,0,,,,,,,,,0,0,,,,,,,,,,,,,,,0,,0.346,1.18,0.73,,,,,,,,,,,,,,,,,,,,,,,,,558,1669,1669,192,3739,663,443,695,1181,832,110,618,635,805,573,125,585,650
209,16379,,"MOTHBEANS,MATURE SEEDS,CKD,BLD,W/SALT",p,,,,,2015.0,USDA/SR28,,117,69.23,,6.25,,7.81,0.55,,,20.96,,,,,,,1.45,3,,,0.164,3.14,,304,104,0.527,,246,,150,2.8,0.59,,,,,,0.124,,0.023,0.668,,,0.391,0.093,,,0,1,,,0,143,,143,,,1,0,0,,,,,,,,0,0,0,,,,,,,,,,,,,,,0,,0.124,0.044,0.256,,,,,,,,,,,,,,,,,,,,,,,,,,,,40,,,263,388,525,425,75,350,,,,50,,250
210,16381,,"MUNG BNS,MATURE SEEDS,CKD,BLD,W/SALT",p,,,,,2015.0,USDA/SR28,,105,72.66,,6.25,,7.02,0.38,,,19.15,,,,,7.6,,0.79,27,,,0.156,1.4,,266,48,0.298,,238,,99,2.5,0.84,,,,,,0.164,,0.061,0.577,,,0.41,0.067,,,0,1,,,0,159,,159,,,1,10,0,,,0,14,,0,0,0,0,0,,,0.15,2.7,,,,,,,,,,,0,,0.116,0.054,0.128,,,,,,,,,,,,,,,,,,,,,,,,,309,492,812,62,1256,281,205,297,544,490,84,425,323,346,230,76,210,364
211,16384,,"MUNGO BNS,MATURE SEEDS,CKD,BLD,W/SALT",p,,,,,2015.0,USDA/SR28,,105,72.51,,6.25,,7.54,0.55,,,18.34,,,,,6.4,,1.06,53,,,0.139,1.75,,231,63,0.412,,243,,156,2.5,0.83,,,,,,0.15,,0.075,1.5,,,0.433,0.058,,,0,1,,,0,94,,94,,,2,24,0,,,0,19,,0,0,0,0,0,,,0.15,2.7,2,,,,,,,,,,0,,0.038,0.029,0.359,,,,,,,,,,,,,,,,,,,,,,,,,322,491,882,70,1234,315,211,385,625,500,110,440,349,397,262,78,234,423
212,16386,,"PEAS,SPLIT,MATURE SEEDS,CKD,BLD,W/SALT",p,,,,,2015.0,USDA/SR28,,116,69.49,,6.25,,8.34,0.39,,,20.51,,,,,8.3,,1.27,14,,,0.181,1.29,,362,36,0.396,,238,,99,0.6,1,,,,,,0.19,,0.056,0.89,,,0.595,0.048,,,0,0.4,,,0,65,,65,,,0,31,0,,,0,4,,0,0,0,0,0,,,0.03,5,2.01,,,,,,,,,,0,,0.054,0.081,0.165,,,,,,,,,,,,,,,,,,,,,,,,,367,744,984,127,1426,371,203,344,598,602,85,384,344,367,296,93,242,394
213,16402,,"PIGEON PEAS (RED GM),MATURE SEEDS,CKD,BLD,W/SALT",p,,,,,2015.0,USDA/SR28,,121,68.55,,6.25,,6.76,0.38,,,23.25,,,,,6.7,,1.06,43,,,0.269,1.11,,384,46,0.501,,241,,119,2.9,0.9,,,,,,0.146,,0.059,0.781,,,0.319,0.05,,,0,0,,,0,111,,111,,,0,7,0,,,,,,,,,0,0,,,,,2.9,,,,,,,,,,0,,0.083,0.003,0.205,,,,,,,,,,,,,,,,,,,,,,,,,303,405,669,78,1568,250,241,245,483,474,76,579,298,320,239,66,168,292
214,,,,,,,,,,,,,,,,,,,,,,,,,,,,,,,,,,,,,,,,,,,,,,,,,,,,,,,,,,,,,,,,,,,,,,3,,,,,,,,,,,0,,,,,,,,,,,,,,,,,,,,,,,,,,,,,,,,,,,,,,,,,,,,,,,,,,,,,,,,,,,,,
